Cboe Volume and Put/Call Ratio data is provided for informational purposes only. The volume data reflected below may be based upon preliminary reported volume rather than cleared volume. Cboe makes no guarantee as to the accuracy of the data. Your use of Cboe Volume and Put/Call Ratio data is subject to the Terms and Conditions of the Cboe Website.,,,,
Total Volume,,,,
Trade_date,Call,Put,Total,P/C Ratio
10/17/2003,1152086,733258,1885344,0.64
10/21/2003,773759,540023,1313782,0.7
10/22/2003,663452,646991,1310443,0.98
10/23/2003,579837,493493,1073330,0.85
10/24/2003,690948,630758,1321706,0.91
10/27/2003,512226,328592,840818,0.64
10/28/2003,713166,532300,1245466,0.75
10/29/2003,809215,471246,1280461,0.58
10/30/2003,725972,585376,1311348,0.81
10/31/2003,578348,647265,1225613,1.12
11/3/2003,707961,445631,1153592,0.63
11/4/2003,682009,418717,1100726,0.61
11/5/2003,640931,441878,1082809,0.69
11/6/2003,669108,512323,1181431,0.77
11/7/2003,744763,582223,1326986,0.78
11/10/2003,516110,469592,985702,0.91
11/11/2003,537257,514414,1051671,0.96
11/12/2003,701977,558089,1260066,0.8
11/13/2003,721852,560283,1282135,0.78
11/14/2003,785626,541118,1326744,0.69
11/17/2003,835827,698744,1534571,0.84
11/18/2003,745954,565047,1311001,0.76
11/19/2003,777117,678335,1455452,0.87
11/20/2003,859456,690504,1549960,0.8
11/21/2003,856787,689308,1546095,0.8
11/24/2003,754172,490527,1244699,0.65
11/25/2003,688827,430183,1119010,0.62
11/26/2003,546449,394310,940759,0.72
11/28/2003,270108,186728,456836,0.69
12/1/2003,759954,539961,1299915,0.71
12/2/2003,735096,524620,1259716,0.71
12/3/2003,744581,642879,1387460,0.86
12/4/2003,682634,489126,1171760,0.72
12/5/2003,585094,491146,1076240,0.84
12/8/2003,562382,523183,1085565,0.93
12/9/2003,770383,559394,1329777,0.73
12/10/2003,745868,605431,1351299,0.81
12/11/2003,767216,514764,1281980,0.67
12/12/2003,683513,513507,1197020,0.75
12/15/2003,855029,602488,1457517,0.7
12/16/2003,814131,556412,1370543,0.68
12/17/2003,782694,538954,1321648,0.69
12/18/2003,1083462,704617,1788079,0.65
12/19/2003,988767,792798,1781565,0.8
12/22/2003,642045,627611,1269656,0.98
12/23/2003,585116,442008,1027124,0.76
12/24/2003,272788,198166,470954,0.73
12/26/2003,243405,137844,381249,0.57
12/29/2003,713256,375101,1088357,0.53
12/30/2003,660409,392442,1052851,0.59
12/31/2003,637298,796876,1434174,1.25
1/2/2004,650305,490925,1141230,0.75
1/5/2004,1043254,708252,1751506,0.68
1/6/2004,1003430,567995,1571425,0.57
1/7/2004,950530,654588,1605118,0.69
1/8/2004,1160572,753665,1914237,0.65
1/9/2004,1116174,723463,1839637,0.65
1/12/2004,897062,712123,1609185,0.79
1/13/2004,1132464,690443,1822907,0.61
1/14/2004,1083341,715875,1799216,0.66
1/15/2004,1448897,843359,2292256,0.58
1/16/2004,1705830,875993,2581823,0.51
1/20/2004,1126135,673994,1800129,0.6
1/21/2004,1007919,673801,1681720,0.67
1/22/2004,886395,812495,1698890,0.92
1/23/2004,861409,665677,1527086,0.77
1/26/2004,735712,428519,1164231,0.58
1/27/2004,762179,666311,1428490,0.87
1/28/2004,898844,767664,1666508,0.85
1/29/2004,960543,764294,1724837,0.8
1/30/2004,702516,568347,1270863,0.81
2/2/2004,748796,542419,1291215,0.72
2/3/2004,730466,508402,1238868,0.7
2/4/2004,803225,647213,1450438,0.81
2/5/2004,757792,574865,1332657,0.76
2/6/2004,897646,563415,1461061,0.63
2/9/2004,663520,468357,1131877,0.71
2/10/2004,712657,510672,1223329,0.72
2/11/2004,907062,616712,1523774,0.68
2/12/2004,916360,508743,1425103,0.56
2/13/2004,766143,582099,1348242,0.76
2/17/2004,830958,730243,1561201,0.88
2/18/2004,894554,697541,1592095,0.78
2/19/2004,1242874,890484,2133358,0.72
2/20/2004,1224856,1050314,2275170,0.86
2/23/2004,897710,554218,1451928,0.62
2/24/2004,816858,623121,1439979,0.76
2/25/2004,698751,535512,1234263,0.77
2/26/2004,714777,460082,1174859,0.64
2/27/2004,624138,448697,1072835,0.72
3/1/2004,486328,357508,843836,0.74
3/2/2004,699614,495954,1195568,0.71
3/3/2004,619970,442675,1062645,0.71
3/4/2004,669444,475721,1145165,0.71
3/5/2004,696919,549202,1246121,0.79
3/8/2004,757246,620432,1377678,0.82
3/9/2004,830649,803092,1633741,0.97
3/10/2004,942219,853517,1795736,0.91
3/11/2004,911050,1097093,2008143,1.2
3/12/2004,758249,795143,1553392,1.05
3/15/2004,722084,761678,1483762,1.05
3/16/2004,784976,830306,1615282,1.06
3/17/2004,1001423,807241,1808664,0.81
3/18/2004,876364,700998,1577362,0.8
3/19/2004,853502,881695,1735197,1.03
3/22/2004,867817,839966,1707783,0.97
3/23/2004,819911,554977,1374888,0.68
3/24/2004,690843,605230,1296073,0.88
3/25/2004,976574,679442,1656016,0.7
3/26/2004,584342,449027,1033369,0.77
3/29/2004,727022,484474,1211496,0.67
3/30/2004,685330,418968,1104298,0.61
3/31/2004,617784,812143,1429927,1.31
4/1/2004,862321,524115,1386436,0.61
4/2/2004,1154470,788367,1942837,0.68
4/5/2004,957355,637365,1594720,0.67
4/6/2004,846971,692316,1539287,0.82
4/7/2004,721673,506208,1227881,0.7
4/8/2004,701853,516837,1218690,0.74
4/12/2004,616446,473888,1090334,0.77
4/13/2004,856548,785025,1641573,0.92
4/14/2004,852572,698987,1551559,0.82
4/15/2004,1005497,846617,1852114,0.84
4/16/2004,1220955,936934,2157889,0.77
4/19/2004,794760,531366,1326126,0.67
4/20/2004,833531,677967,1511498,0.81
4/21/2004,776135,530939,1307074,0.68
4/22/2004,977611,617591,1595202,0.63
4/23/2004,750552,526044,1276596,0.7
4/26/2004,618295,407195,1025490,0.66
4/27/2004,876032,627839,1503871,0.72
4/28/2004,817411,720636,1538047,0.88
4/29/2004,797749,798591,1596340,1
4/30/2004,794028,811936,1605964,1.02
5/3/2004,604159,490665,1094824,0.81
5/4/2004,698925,467344,1166269,0.67
5/5/2004,533593,475515,1009108,0.89
5/6/2004,543069,682891,1225960,1.26
5/7/2004,684716,693425,1378141,1.01
5/10/2004,872813,1118006,1990819,1.28
5/11/2004,799195,885934,1685129,1.11
5/12/2004,849269,949087,1798356,1.12
5/13/2004,684749,692405,1377154,1.01
5/14/2004,530308,516156,1046464,0.97
5/17/2004,622932,761623,1384555,1.22
5/18/2004,716116,710531,1426647,0.99
5/19/2004,968473,772361,1740834,0.8
5/20/2004,642507,778148,1420655,1.21
5/21/2004,868694,973948,1842642,1.12
5/24/2004,687410,526740,1214150,0.77
5/25/2004,829079,748788,1577867,0.9
5/26/2004,618924,623225,1242149,1.01
5/27/2004,648734,608932,1257666,0.94
5/28/2004,388547,407570,796117,1.05
6/1/2004,500343,467935,968278,0.94
6/2/2004,581605,531082,1112687,0.91
6/3/2004,518239,585165,1103404,1.13
6/4/2004,569900,580062,1149962,1.02
6/7/2004,751705,637981,1389686,0.85
6/8/2004,617310,531082,1148392,0.86
6/9/2004,563453,520110,1083563,0.92
6/10/2004,486746,559901,1046647,1.15
6/14/2004,538233,710300,1248533,1.32
6/15/2004,737671,578207,1315878,0.78
6/16/2004,740529,513345,1253874,0.69
6/17/2004,818546,647093,1465639,0.79
6/18/2004,1095854,878324,1974178,0.8
6/21/2004,690718,573578,1264296,0.83
6/22/2004,761243,620003,1381246,0.81
6/23/2004,738101,614036,1352137,0.83
6/24/2004,861415,572208,1433623,0.66
6/25/2004,567925,385072,952997,0.68
6/28/2004,837842,517724,1355566,0.62
6/29/2004,589137,511491,1100628,0.87
6/30/2004,684227,531961,1216188,0.78
7/1/2004,736874,686859,1423733,0.93
7/2/2004,559886,453271,1013157,0.81
7/6/2004,654782,705568,1360350,1.08
7/7/2004,602726,597852,1200578,0.99
7/8/2004,731641,667630,1399271,0.91
7/9/2004,614062,457710,1071772,0.75
7/12/2004,542641,635693,1178334,1.17
7/13/2004,636712,505934,1142646,0.79
7/14/2004,939151,883419,1822570,0.94
7/15/2004,935067,771837,1706904,0.83
7/16/2004,1003161,1124042,2127203,1.12
7/19/2004,851240,599463,1450703,0.7
7/20/2004,811128,531659,1342787,0.66
7/21/2004,840775,642570,1483345,0.76
7/22/2004,828641,735463,1564104,0.89
7/23/2004,566657,460356,1027013,0.81
7/26/2004,726589,587961,1314550,0.81
7/27/2004,720204,520685,1240889,0.72
7/28/2004,756943,514160,1271103,0.68
7/29/2004,671863,435720,1107583,0.65
7/30/2004,544250,344652,888902,0.63
8/2/2004,484103,381474,865577,0.79
8/3/2004,488837,358603,847440,0.73
8/4/2004,528603,488441,1017044,0.92
8/5/2004,611312,525243,1136555,0.86
8/6/2004,753807,1042286,1796093,1.38
8/9/2004,548918,512333,1061251,0.93
8/10/2004,606837,622547,1229384,1.03
8/11/2004,712094,631782,1343876,0.89
8/12/2004,658641,695880,1354521,1.06
8/13/2004,575679,585383,1161062,1.02
8/16/2004,628640,532805,1161445,0.85
8/17/2004,711771,678781,1390552,0.95
8/18/2004,836750,816418,1653168,0.98
8/19/2004,824248,731637,1555885,0.89
8/20/2004,1049280,1001436,2050716,0.95
8/23/2004,666177,533040,1199217,0.8
8/24/2004,581836,458150,1039986,0.79
8/25/2004,623235,484308,1107543,0.78
8/26/2004,563139,472778,1035917,0.84
8/27/2004,478110,439606,917716,0.92
8/30/2004,448057,380550,828607,0.85
8/31/2004,529841,375877,905718,0.71
9/1/2004,419929,442284,862213,1.05
9/2/2004,537742,493922,1031664,0.92
9/3/2004,460669,472480,933149,1.03
9/7/2004,591019,507845,1098864,0.86
9/8/2004,522688,551202,1073890,1.05
9/9/2004,616250,558939,1175189,0.91
9/10/2004,688108,609139,1297247,0.89
9/13/2004,925613,632576,1558189,0.68
9/14/2004,741513,692059,1433572,0.93
9/15/2004,764819,718152,1482971,0.94
9/16/2004,773434,582658,1356092,0.75
9/17/2004,905929,753552,1659481,0.83
9/20/2004,801309,737399,1538708,0.92
9/21/2004,834590,631199,1465789,0.76
9/22/2004,629502,689662,1319164,1.1
9/23/2004,562196,518122,1080318,0.92
9/24/2004,473767,443196,916963,0.94
9/27/2004,533723,529476,1063199,0.99
9/28/2004,689020,630321,1319341,0.91
9/29/2004,731516,619402,1350918,0.85
9/30/2004,688608,594500,1283108,0.86
10/1/2004,912411,886252,1798663,0.97
10/4/2004,969493,829529,1799022,0.86
10/5/2004,849417,709061,1558478,0.83
10/6/2004,839540,658411,1497951,0.78
10/7/2004,804871,694062,1498933,0.86
10/8/2004,728114,734805,1462919,1.01
10/11/2004,540858,436159,977017,0.81
10/12/2004,773793,773814,1547607,1
10/13/2004,1010621,1079595,2090216,1.07
10/14/2004,955623,1023708,1979331,1.07
10/15/2004,1192356,1045784,2238140,0.88
10/18/2004,812037,627777,1439814,0.77
10/19/2004,856237,810611,1666848,0.95
10/20/2004,821342,702235,1523577,0.85
10/21/2004,779589,647548,1427137,0.83
10/22/2004,721848,536881,1258729,0.74
10/25/2004,655177,495655,1150832,0.76
10/26/2004,841443,566655,1408098,0.67
10/27/2004,1017209,709114,1726323,0.7
10/28/2004,827548,560128,1387676,0.68
10/29/2004,768397,561320,1329717,0.73
11/1/2004,612936,564343,1177279,0.92
11/2/2004,880089,673404,1553493,0.77
11/3/2004,980894,846918,1827812,0.86
11/4/2004,1044648,910493,1955141,0.87
11/5/2004,1138538,785612,1924150,0.69
11/8/2004,834336,532572,1366908,0.64
11/9/2004,878274,596088,1474362,0.68
11/10/2004,868416,603831,1472247,0.7
11/11/2004,941190,700494,1641684,0.74
11/12/2004,1147119,874194,2021313,0.76
11/15/2004,1272054,710469,1982523,0.56
11/16/2004,1007709,713584,1721293,0.71
11/17/2004,1461445,947805,2409250,0.65
11/18/2004,1161751,726699,1888450,0.63
11/19/2004,1356899,1098849,2455748,0.81
11/22/2004,861686,627011,1488697,0.73
11/23/2004,856931,678770,1535701,0.79
11/24/2004,704919,427012,1131931,0.61
11/26/2004,324971,238429,563400,0.73
11/29/2004,816180,605727,1421907,0.74
11/30/2004,597404,529019,1126423,0.89
12/1/2004,984317,720657,1704974,0.73
12/2/2004,1043161,872938,1916099,0.84
12/3/2004,892421,660400,1552821,0.74
12/6/2004,770439,580294,1350733,0.75
12/7/2004,926429,697405,1623834,0.75
12/8/2004,746399,662837,1409236,0.89
12/9/2004,874753,723012,1597765,0.83
12/10/2004,742599,464246,1206845,0.63
12/13/2004,732321,530421,1262742,0.72
12/14/2004,939542,727301,1666843,0.77
12/15/2004,1075178,672798,1747976,0.63
12/16/2004,1200757,814736,2015493,0.68
12/17/2004,1241187,1037969,2279156,0.84
12/20/2004,409058,366241,775299,0.9
12/21/2004,783169,620054,1403223,0.79
12/22/2004,631729,574492,1206221,0.91
12/23/2004,449664,376167,825831,0.84
12/27/2004,449402,376917,826319,0.84
12/28/2004,561745,387881,949626,0.69
12/29/2004,589173,532154,1121327,0.9
12/30/2004,470646,402438,873084,0.86
12/31/2004,430894,283382,714276,0.66
1/3/2005,782560,610292,1392852,0.78
1/4/2005,1071868,831280,1903148,0.78
1/5/2005,863696,824718,1688414,0.95
1/6/2005,776205,617900,1394105,0.8
1/7/2005,867875,840718,1708593,0.97
1/10/2005,764165,624201,1388366,0.82
1/11/2005,866571,741247,1607818,0.86
1/12/2005,801578,746458,1548036,0.93
1/13/2005,893271,799634,1692905,0.9
1/14/2005,843562,611182,1454744,0.72
1/18/2005,1095150,946447,2041597,0.86
1/19/2005,1019931,884732,1904663,0.87
1/20/2005,1216088,1188329,2404417,0.98
1/21/2005,1432744,1243714,2676458,0.87
1/24/2005,1135893,857058,1992951,0.75
1/25/2005,942753,779289,1722042,0.83
1/26/2005,881696,726158,1607854,0.82
1/27/2005,814116,681175,1495291,0.84
1/28/2005,892148,689060,1581208,0.77
1/31/2005,801156,615415,1416571,0.77
2/1/2005,888485,800281,1688766,0.9
2/2/2005,871818,635757,1507575,0.73
2/3/2005,811046,686884,1497930,0.85
2/4/2005,971049,729552,1700601,0.75
2/7/2005,741157,542721,1283878,0.73
2/8/2005,776723,632315,1409038,0.81
2/9/2005,848988,788168,1637156,0.93
2/10/2005,755984,743148,1499132,0.98
2/11/2005,870537,751832,1622369,0.86
2/14/2005,687506,616637,1304143,0.9
2/15/2005,969739,761609,1731348,0.79
2/16/2005,1083406,804359,1887765,0.74
2/17/2005,1086515,974098,2060613,0.9
2/18/2005,1234911,1059773,2294684,0.86
2/22/2005,1108550,898840,2007390,0.81
2/23/2005,766829,638716,1405545,0.83
2/24/2005,856434,845580,1702014,0.99
2/25/2005,991151,805772,1796923,0.81
2/28/2005,846053,585529,1431582,0.69
3/1/2005,779519,684790,1464309,0.88
3/2/2005,901245,733041,1634286,0.81
3/3/2005,811569,669055,1480624,0.82
3/4/2005,959284,779672,1738956,0.81
3/7/2005,914578,708547,1623125,0.77
3/8/2005,751803,657505,1409308,0.87
3/9/2005,902907,871681,1774588,0.97
3/10/2005,834205,844582,1678787,1.01
3/11/2005,757496,753095,1510591,0.99
3/14/2005,772955,779659,1552614,1.01
3/15/2005,1051480,897467,1948947,0.85
3/16/2005,1188112,1249413,2437525,1.05
3/17/2005,1084303,1156936,2241239,1.07
3/18/2005,1145518,1459245,2604763,1.27
3/21/2005,976922,760705,1737627,0.78
3/22/2005,915437,938724,1854161,1.03
3/23/2005,1038324,862141,1900465,0.83
3/24/2005,862404,670057,1532461,0.78
3/28/2005,761115,502311,1263426,0.66
3/29/2005,934744,908763,1843507,0.97
3/30/2005,862005,717794,1579799,0.83
3/31/2005,859907,627390,1487297,0.73
4/1/2005,865125,915501,1780626,1.06
4/4/2005,787749,692502,1480251,0.88
4/5/2005,831832,702990,1534822,0.85
4/6/2005,891211,879206,1770417,0.99
4/7/2005,948897,658040,1606937,0.69
4/8/2005,810260,757320,1567580,0.93
4/11/2005,730647,748289,1478936,1.02
4/12/2005,1087676,1285030,2372706,1.18
4/13/2005,1326824,1286230,2613054,0.97
4/14/2005,1477004,1575643,3052647,1.07
4/15/2005,1690725,2396996,4087721,1.42
4/18/2005,1286578,1278178,2564756,0.99
4/19/2005,1014107,995876,2009983,0.98
4/20/2005,1037232,1015613,2052845,0.98
4/21/2005,1213808,1031423,2245231,0.85
4/22/2005,836184,822131,1658315,0.98
4/25/2005,691510,550397,1241907,0.8
4/26/2005,814983,637677,1452660,0.78
4/27/2005,788038,837921,1625959,1.06
4/28/2005,745167,841725,1586892,1.13
4/29/2005,817984,829160,1647144,1.01
5/2/2005,631028,605038,1236066,0.96
5/3/2005,716997,611144,1328141,0.85
5/4/2005,978902,966691,1945593,0.99
5/5/2005,761733,858764,1620497,1.13
5/6/2005,660331,704353,1364684,1.07
5/9/2005,648618,544147,1192765,0.84
5/10/2005,869399,749721,1619120,0.86
5/11/2005,745254,749922,1495176,1.01
5/12/2005,853287,938589,1791876,1.1
5/13/2005,972054,994556,1966610,1.02
5/16/2005,982950,778419,1761369,0.79
5/17/2005,898335,900669,1799004,1
5/18/2005,1515008,1230165,2745173,0.81
5/19/2005,1298864,1017284,2316148,0.78
5/20/2005,1308498,1213829,2522327,0.93
5/23/2005,954078,776014,1730092,0.81
5/24/2005,775435,590526,1365961,0.76
5/25/2005,739735,755365,1495100,1.02
5/26/2005,863850,644268,1508118,0.75
5/27/2005,516535,420207,936742,0.81
5/31/2005,652828,649457,1302285,0.99
6/1/2005,1182912,803978,1986890,0.68
6/2/2005,701229,632859,1334088,0.9
6/3/2005,757845,749441,1507286,0.99
6/6/2005,672311,605172,1277483,0.9
6/7/2005,1001853,878033,1879886,0.88
6/8/2005,766987,705363,1472350,0.92
6/9/2005,810245,713278,1523523,0.88
6/10/2005,876064,625745,1501809,0.71
6/13/2005,820349,723469,1543818,0.88
6/14/2005,916750,767122,1683872,0.84
6/15/2005,1157534,1019985,2177519,0.88
6/16/2005,1571729,1246739,2818468,0.79
6/17/2005,1476249,1511489,2987738,1.02
6/20/2005,849395,830839,1680234,0.98
6/21/2005,722325,707158,1429483,0.98
6/22/2005,852029,750022,1602051,0.88
6/23/2005,1049451,804407,1853858,0.77
6/24/2005,779658,696983,1476641,0.89
6/27/2005,719911,687606,1407517,0.96
6/28/2005,775981,625551,1401532,0.81
6/29/2005,708575,554639,1263214,0.78
6/30/2005,929528,716570,1646098,0.77
7/1/2005,558557,560708,1119265,1
7/5/2005,793726,546300,1340026,0.69
7/6/2005,782277,874860,1657137,1.12
7/7/2005,922783,977510,1900293,1.06
7/8/2005,1094639,893784,1988423,0.82
7/11/2005,1090068,886167,1976235,0.81
7/12/2005,1101683,864189,1965872,0.78
7/13/2005,1046528,793669,1840197,0.76
7/14/2005,1628429,1166617,2795046,0.72
7/15/2005,1457625,1093629,2551254,0.75
7/18/2005,879816,946155,1825971,1.08
7/19/2005,1035726,836824,1872550,0.81
7/20/2005,1123510,1023840,2147350,0.91
7/21/2005,1067971,988300,2056271,0.93
7/22/2005,775027,617804,1392831,0.8
7/25/2005,741340,592858,1334198,0.8
7/26/2005,860341,730538,1590879,0.85
7/27/2005,875876,702894,1578770,0.8
7/28/2005,953350,747057,1700407,0.78
7/29/2005,930430,916780,1847210,0.99
8/1/2005,701012,657989,1359001,0.94
8/2/2005,934107,889099,1823206,0.95
8/3/2005,897207,789018,1686225,0.88
8/4/2005,830736,870520,1701256,1.05
8/5/2005,870356,998532,1868888,1.15
8/8/2005,900616,804500,1705116,0.89
8/9/2005,849447,776989,1626436,0.91
8/10/2005,1141192,1013004,2154196,0.89
8/11/2005,772561,724929,1497490,0.94
8/12/2005,904518,1156168,2060686,1.28
8/15/2005,1048470,692768,1741238,0.66
8/16/2005,1054405,1118959,2173364,1.06
8/17/2005,1144324,1171882,2316206,1.02
8/18/2005,1079888,1118998,2198886,1.04
8/19/2005,1341152,1403891,2745043,1.05
8/22/2005,1011629,900299,1911928,0.89
8/23/2005,763695,792823,1556518,1.04
8/24/2005,815363,750979,1566342,0.92
8/25/2005,696164,629851,1326015,0.9
8/26/2005,668186,802100,1470286,1.2
8/29/2005,761548,753592,1515140,0.99
8/30/2005,822850,862235,1685085,1.05
8/31/2005,1108504,928013,2036517,0.84
9/1/2005,1007027,896126,1903153,0.89
9/2/2005,659272,761324,1420596,1.15
9/6/2005,923410,869301,1792711,0.94
9/7/2005,863730,757980,1621710,0.88
9/8/2005,908382,781539,1689921,0.86
9/9/2005,1001811,778048,1779859,0.78
9/12/2005,1139175,995799,2134974,0.87
9/13/2005,1101726,1081466,2183192,0.98
9/14/2005,1179137,1054794,2233931,0.89
9/15/2005,1421876,1161431,2583307,0.82
9/16/2005,1705064,1362515,3067579,0.8
9/19/2005,1066503,962052,2028555,0.9
9/20/2005,978496,1051130,2029626,1.07
9/21/2005,1133744,1320628,2454372,1.16
9/22/2005,1105487,1554319,2659806,1.41
9/23/2005,874621,831103,1705724,0.95
9/26/2005,893262,1100864,1994126,1.23
9/27/2005,743820,601005,1344825,0.81
9/28/2005,956409,694069,1650478,0.73
9/29/2005,956479,749544,1706023,0.78
9/30/2005,910745,753491,1664236,0.83
10/3/2005,857454,781451,1638905,0.91
10/4/2005,999404,817938,1817342,0.82
10/5/2005,1259357,1240276,2499633,0.98
10/6/2005,1455342,1606540,3061882,1.1
10/7/2005,955749,907246,1862995,0.95
10/10/2005,827768,879918,1707686,1.06
10/11/2005,1062765,1265231,2327996,1.19
10/12/2005,1315106,1732169,3047275,1.32
10/13/2005,1325382,1736845,3062227,1.31
10/14/2005,1024419,1087162,2111581,1.06
10/17/2005,1108424,965732,2074156,0.87
10/18/2005,1080126,1021115,2101241,0.95
10/19/2005,1479386,1624409,3103795,1.1
10/20/2005,1608388,1690976,3299364,1.05
10/21/2005,1745215,1772063,3517278,1.02
10/24/2005,1349685,961164,2310849,0.71
10/25/2005,1081893,955444,2037337,0.88
10/26/2005,1095405,1014574,2109979,0.93
10/27/2005,1057081,1191454,2248535,1.13
10/28/2005,977932,820849,1798781,0.84
10/31/2005,1145663,1044310,2189973,0.91
11/1/2005,867954,858685,1726639,0.99
11/2/2005,1390971,988239,2379210,0.71
11/3/2005,1414654,1315026,2729680,0.93
11/4/2005,949684,839094,1788778,0.88
11/7/2005,888901,750877,1639778,0.84
11/8/2005,908703,666323,1575026,0.73
11/9/2005,1041749,867780,1909529,0.83
11/10/2005,1227317,952532,2179849,0.78
11/11/2005,974115,665957,1640072,0.68
11/14/2005,1041803,925051,1966854,0.89
11/15/2005,1130230,966649,2096879,0.86
11/16/2005,1236656,964141,2200797,0.78
11/17/2005,1780127,1266296,3046423,0.71
11/18/2005,1997898,1246786,3244684,0.62
11/21/2005,1288733,1031868,2320601,0.8
11/22/2005,1213415,1276439,2489854,1.05
11/23/2005,1259496,1014998,2274494,0.81
11/25/2005,428272,389923,818195,0.91
11/28/2005,879192,888761,1767953,1.01
11/29/2005,924290,1020628,1944918,1.1
11/30/2005,815029,694304,1509333,0.85
12/1/2005,1211374,1018709,2230083,0.84
12/2/2005,1027057,867863,1894920,0.84
12/5/2005,884573,759511,1644084,0.86
12/6/2005,1192819,925753,2118572,0.78
12/7/2005,1158556,913338,2071894,0.79
12/8/2005,982747,980764,1963511,1
12/9/2005,884362,724729,1609091,0.82
12/12/2005,1124911,779183,1904094,0.69
12/13/2005,1486385,913399,2399784,0.61
12/14/2005,1595293,1093180,2688473,0.69
12/15/2005,2617207,1082595,3699802,0.41
12/16/2005,1877966,1542006,3419972,0.82
12/19/2005,1356516,1281212,2637728,0.94
12/20/2005,838544,1022213,1860757,1.22
12/21/2005,1074428,761306,1835734,0.71
12/22/2005,768869,582421,1351290,0.76
12/23/2005,575731,399035,974766,0.69
12/27/2005,786571,790347,1576918,1
12/28/2005,635566,532185,1167751,0.84
12/29/2005,619907,563442,1183349,0.91
12/30/2005,789240,631964,1421204,0.8
1/3/2006,1231750,921025,2152775,0.75
1/4/2006,1211390,911186,2122576,0.75
1/5/2006,1217698,754592,1972290,0.62
1/6/2006,1524397,1037917,2562314,0.68
1/9/2006,1612645,1111368,2724013,0.69
1/10/2006,1487716,1049439,2537155,0.71
1/11/2006,1680182,1059668,2739850,0.63
1/12/2006,1362697,1009912,2372609,0.74
1/13/2006,1116577,871862,1988439,0.78
1/17/2006,1403989,1092987,2496976,0.78
1/18/2006,1506999,1432445,2939444,0.95
1/19/2006,2039523,1769040,3808563,0.87
1/20/2006,2586473,2804347,5390820,1.08
1/23/2006,1651547,1452756,3104303,0.88
1/24/2006,2026688,1150791,3177479,0.57
1/25/2006,1506757,1289904,2796661,0.86
1/26/2006,1499425,1046100,2545525,0.7
1/27/2006,1587084,1272343,2859427,0.8
1/30/2006,1296846,858098,2154944,0.66
1/31/2006,1160275,943771,2104046,0.81
2/1/2006,1187205,1100153,2287358,0.93
2/2/2006,1224413,1179212,2403625,0.96
2/3/2006,1089238,1181378,2270616,1.08
2/6/2006,959141,806456,1765597,0.84
2/7/2006,1229613,1163384,2392997,0.95
2/8/2006,1184646,932423,2117069,0.79
2/9/2006,1369838,1037626,2407464,0.76
2/10/2006,1434617,971049,2405666,0.68
2/13/2006,1045383,1058797,2104180,1.01
2/14/2006,1468222,1264886,2733108,0.86
2/15/2006,1802511,1280467,3082978,0.71
2/16/2006,1884978,1317809,3202787,0.7
2/17/2006,1974985,1631596,3606581,0.83
2/21/2006,1321574,1197002,2518576,0.91
2/22/2006,1300112,947775,2247887,0.73
2/23/2006,1048676,876721,1925397,0.84
2/24/2006,950018,881133,1831151,0.93
2/27/2006,1156250,834063,1990313,0.72
2/28/2006,1317979,1196270,2514249,0.91
3/1/2006,1180460,839726,2020186,0.71
3/2/2006,1200049,1137696,2337745,0.95
3/3/2006,1146805,993888,2140693,0.87
3/6/2006,1140663,1047355,2188018,0.92
3/7/2006,1267851,1292947,2560798,1.02
3/8/2006,1299486,1249069,2548555,0.96
3/9/2006,1078573,1028510,2107083,0.95
3/10/2006,1198281,1042131,2240412,0.87
3/13/2006,1038406,908681,1947087,0.88
3/14/2006,1454308,1117925,2572233,0.77
3/15/2006,1649123,1179721,2828844,0.72
3/16/2006,4312580,1391257,5703837,0.32
3/17/2006,1995561,1584939,3580500,0.79
3/20/2006,1366147,1201606,2567753,0.88
3/21/2006,1245534,1191075,2436609,0.96
3/22/2006,1070063,1049279,2119342,0.98
3/23/2006,944087,836797,1780884,0.89
3/24/2006,1030236,870409,1900645,0.84
3/27/2006,893002,778661,1671663,0.87
3/28/2006,1108691,1167224,2275915,1.05
3/29/2006,1108439,905655,2014094,0.82
3/30/2006,1111047,922332,2033379,0.83
3/31/2006,991451,822988,1814439,0.83
4/3/2006,1132616,768551,1901167,0.68
4/4/2006,1131575,925994,2057569,0.82
4/5/2006,1167753,999748,2167501,0.86
4/6/2006,1405009,1100844,2505853,0.78
4/7/2006,1235005,1129594,2364599,0.91
4/10/2006,1069159,904458,1973617,0.85
4/11/2006,1348355,1375260,2723615,1.02
4/12/2006,1058620,876935,1935555,0.83
4/13/2006,973006,836311,1809317,0.86
4/17/2006,1299570,1051890,2351460,0.81
4/18/2006,2096839,1456879,3553718,0.69
4/19/2006,2008389,1384258,3392647,0.69
4/20/2006,2151824,1677351,3829175,0.78
4/21/2006,2473888,2294773,4768661,0.93
4/24/2006,1431977,1201194,2633171,0.84
4/25/2006,1400891,1325728,2726619,0.95
4/26/2006,1316310,1410725,2727035,1.07
4/27/2006,1756469,1293321,3049790,0.74
4/28/2006,1364992,1193418,2558410,0.87
5/1/2006,1248209,1141471,2389680,0.91
5/2/2006,1227758,1077069,2304827,0.88
5/3/2006,1263389,1149494,2412883,0.91
5/4/2006,1475298,950011,2425309,0.64
5/5/2006,1487412,1214808,2702220,0.82
5/8/2006,1240515,1160838,2401353,0.94
5/9/2006,1297683,1130012,2427695,0.87
5/10/2006,1467607,1220251,2687858,0.83
5/11/2006,1895309,1822179,3717488,0.96
5/12/2006,1845711,2349127,4194838,1.27
5/15/2006,1690954,2082127,3773081,1.23
5/16/2006,1559447,1578382,3137829,1.01
5/17/2006,2064401,3136221,5200622,1.52
5/18/2006,1961995,2396428,4358423,1.22
5/19/2006,2530621,3216314,5746935,1.27
5/22/2006,1868793,2269767,4138560,1.21
5/23/2006,1470587,1681523,3152110,1.14
5/24/2006,1580040,2244917,3824957,1.42
5/25/2006,1596164,1447408,3043572,0.91
5/26/2006,1238645,928818,2167463,0.75
5/30/2006,1064132,1282007,2346139,1.2
5/31/2006,1309353,1239848,2549201,0.95
6/1/2006,1207078,1359261,2566339,1.13
6/2/2006,1152775,1457093,2609868,1.26
6/5/2006,1325144,1376124,2701268,1.04
6/6/2006,1731711,1711506,3443217,0.99
6/7/2006,1330110,1490598,2820708,1.12
6/8/2006,1994134,2712915,4707049,1.36
6/9/2006,1308915,1338448,2647363,1.02
6/12/2006,1625106,1561305,3186411,0.96
6/13/2006,2077698,2788281,4865979,1.34
6/14/2006,2028389,2277783,4306172,1.12
6/15/2006,2360477,2036785,4397262,0.86
6/16/2006,1419648,1802910,3222558,1.27
6/19/2006,1427980,1573416,3001396,1.1
6/20/2006,1190818,1158784,2349602,0.97
6/21/2006,1296010,1198239,2494249,0.92
6/22/2006,893670,932495,1826165,1.04
6/23/2006,901762,905310,1807072,1
6/26/2006,802000,593203,1395203,0.74
6/27/2006,1078970,1104415,2183385,1.02
6/28/2006,903502,785468,1688970,0.87
6/29/2006,1800612,1219938,3020550,0.68
6/30/2006,1093757,1050160,2143917,0.96
7/3/2006,482979,463824,946803,0.96
7/5/2006,845813,1112405,1958218,1.32
7/6/2006,1031765,828869,1860634,0.8
7/7/2006,1085790,966134,2051924,0.89
7/10/2006,1003583,927974,1931557,0.92
7/11/2006,1121867,1239406,2361273,1.1
7/12/2006,1036624,1386167,2422791,1.34
7/13/2006,1566288,1773717,3340005,1.13
7/14/2006,1531918,1887519,3419437,1.23
7/17/2006,1313329,1425727,2739056,1.09
7/18/2006,1654690,1863335,3518025,1.13
7/19/2006,2093409,1839285,3932694,0.88
7/20/2006,1814831,1858719,3673550,1.02
7/21/2006,1855219,2421884,4277103,1.31
7/24/2006,1791832,1225369,3017201,0.68
7/25/2006,1377745,1373876,2751621,1
7/26/2006,1348728,1435798,2784526,1.06
7/27/2006,1312976,1380453,2693429,1.05
7/28/2006,1237604,1091959,2329563,0.88
7/31/2006,983758,823480,1807238,0.84
8/1/2006,1007757,972634,1980391,0.97
8/2/2006,1230451,996376,2226827,0.81
8/3/2006,1133666,1008096,2141762,0.89
8/4/2006,1128393,1320633,2449026,1.17
8/7/2006,961981,841105,1803086,0.87
8/8/2006,1274954,1251168,2526122,0.98
8/9/2006,1379407,1365277,2744684,0.99
8/10/2006,1229954,1155546,2385500,0.94
8/11/2006,986371,917653,1904024,0.93
8/14/2006,1395242,1131500,2526742,0.81
8/15/2006,1667821,1465807,3133628,0.88
8/16/2006,2121655,1599488,3721143,0.75
8/17/2006,2103294,1826175,3929469,0.87
8/18/2006,2031710,1805181,3836891,0.89
8/21/2006,1136785,1283293,2420078,1.13
8/22/2006,1019147,1174849,2193996,1.15
8/23/2006,945995,1262472,2208467,1.33
8/24/2006,951783,992354,1944137,1.04
8/25/2006,810307,659817,1470124,0.81
8/28/2006,961557,946453,1908010,0.98
8/29/2006,965302,975093,1940395,1.01
8/30/2006,1015144,975548,1990692,0.96
8/31/2006,890517,804474,1694991,0.9
9/1/2006,958633,954527,1913160,1
9/5/2006,1044476,999727,2044203,0.96
9/6/2006,1087454,1382015,2469469,1.27
9/7/2006,1388774,1312058,2700832,0.94
9/8/2006,1020436,1036585,2057021,1.02
9/11/2006,1416584,1453104,2869688,1.03
9/12/2006,1822084,1742832,3564916,0.96
9/13/2006,1899792,1416341,3316133,0.75
9/14/2006,1738958,1629676,3368634,0.94
9/15/2006,2071982,1704296,3776278,0.82
9/18/2006,1386719,1351214,2737933,0.97
9/19/2006,1213225,1705680,2918905,1.41
9/20/2006,1390680,1205553,2596233,0.87
9/21/2006,1317805,1278550,2596355,0.97
9/22/2006,1088775,1001372,2090147,0.92
9/25/2006,1301196,1094245,2395441,0.84
9/26/2006,1312842,1356011,2668853,1.03
9/27/2006,1406193,1185969,2592162,0.84
9/28/2006,1226182,1044613,2270795,0.85
9/29/2006,1042980,826809,1869789,0.79
10/2/2006,870261,899761,1770022,1.03
10/3/2006,1159956,1365248,2525204,1.18
10/4/2006,1600842,1394252,2995094,0.87
10/5/2006,1522907,1226306,2749213,0.81
10/6/2006,1165306,1110056,2275362,0.95
10/9/2006,970535,948588,1919123,0.98
10/10/2006,1476603,1221930,2698533,0.83
10/11/2006,1317121,1217416,2534537,0.92
10/12/2006,1688002,1405079,3093081,0.83
10/13/2006,1725034,1440876,3165910,0.84
10/16/2006,1989612,1565820,3555432,0.79
10/17/2006,1737158,1570624,3307782,0.9
10/18/2006,1718275,1674874,3393149,0.97
10/19/2006,1992418,1517586,3510004,0.76
10/20/2006,2321986,1865259,4187245,0.8
10/23/2006,1840598,1383976,3224574,0.75
10/24/2006,1421505,1646738,3068243,1.16
10/25/2006,1661280,1397795,3059075,0.84
10/26/2006,1709356,1303386,3012742,0.76
10/27/2006,1311247,1352492,2663739,1.03
10/30/2006,1173223,959215,2132438,0.82
10/31/2006,1351155,1307984,2659139,0.97
11/1/2006,1403969,1282026,2685995,0.91
11/2/2006,1350545,1233482,2584027,0.91
11/3/2006,1309099,1221766,2530865,0.93
11/6/2006,1271578,960066,2231644,0.76
11/7/2006,1475787,1155602,2631389,0.78
11/8/2006,1604160,1237325,2841485,0.77
11/9/2006,1541667,1293366,2835033,0.84
11/10/2006,901186,881785,1782971,0.98
11/13/2006,1506870,1191494,2698364,0.79
11/14/2006,1863668,1517691,3381359,0.81
11/15/2006,2229159,1847550,4076709,0.83
11/16/2006,2243821,1747442,3991263,0.78
11/17/2006,2392000,1931067,4323067,0.81
11/20/2006,1669324,1455453,3124777,0.87
11/21/2006,1459211,1525869,2985080,1.05
11/22/2006,1243548,1100661,2344209,0.89
11/24/2006,559956,593646,1153602,1.06
11/27/2006,1584144,2019033,3603177,1.27
11/28/2006,1353598,1259455,2613053,0.93
11/29/2006,1876413,1255979,3132392,0.67
11/30/2006,1506600,1156769,2663369,0.77
12/1/2006,1497498,1365502,2863000,0.91
12/4/2006,1473287,1293251,2766538,0.88
12/5/2006,1494815,1136725,2631540,0.76
12/6/2006,1470302,1250950,2721252,0.85
12/7/2006,1548602,1352910,2901512,0.87
12/8/2006,1357265,1059709,2416974,0.78
12/11/2006,1459999,1058509,2518508,0.73
12/12/2006,1606245,1552781,3159026,0.97
12/13/2006,1598859,1417794,3016653,0.89
12/14/2006,2410057,1545275,3955332,0.64
12/15/2006,2265969,1686549,3952518,0.74
12/18/2006,1648364,1866573,3514937,1.13
12/19/2006,1558535,1492796,3051331,0.96
12/20/2006,1148667,974485,2123152,0.85
12/21/2006,1603372,1266944,2870316,0.79
12/22/2006,844411,929113,1773524,1.1
12/26/2006,742709,628167,1370876,0.85
12/27/2006,910777,702876,1613653,0.77
12/28/2006,942599,855358,1797957,0.91
12/29/2006,996108,872588,1868696,0.88
1/3/2007,1669106,1418210,3087316,0.85
1/4/2007,1613276,1345174,2958450,0.83
1/5/2007,1578140,1420927,2999067,0.9
1/8/2007,1373873,1191345,2565218,0.87
1/9/2007,1636822,1278374,2915196,0.78
1/10/2007,1792918,1455555,3248473,0.81
1/11/2007,2012060,1449692,3461752,0.72
1/12/2007,1699109,1276552,2975661,0.75
1/16/2007,1782020,1628602,3410622,0.91
1/17/2007,1691045,1477060,3168105,0.87
1/18/2007,2028895,1842142,3871037,0.91
1/19/2007,2256639,1875874,4132513,0.83
1/22/2007,1686747,1623373,3310120,0.96
1/23/2007,1657164,1514661,3171825,0.91
1/24/2007,1555267,1301900,2857167,0.84
1/25/2007,1494099,1791034,3285133,1.2
1/26/2007,1339549,1295768,2635317,0.97
1/29/2007,1249992,1232797,2482789,0.99
1/30/2007,1192328,1111979,2304307,0.93
1/31/2007,1557978,1230360,2788338,0.79
2/1/2007,1453260,1222969,2676229,0.84
2/2/2007,1187444,1153585,2341029,0.97
2/5/2007,1150376,947407,2097783,0.82
2/6/2007,1295039,1112353,2407392,0.86
2/7/2007,1294728,1175605,2470333,0.91
2/8/2007,1442549,1216943,2659492,0.84
2/9/2007,1736641,1634592,3371233,0.94
2/12/2007,1389556,1639861,3029417,1.18
2/13/2007,1579511,1527156,3106667,0.97
2/14/2007,2115346,2067202,4182548,0.98
2/15/2007,2044808,1550012,3594820,0.76
2/16/2007,1816302,1534439,3350741,0.84
2/20/2007,1627432,1556355,3183787,0.96
2/21/2007,1370042,1542147,2912189,1.13
2/22/2007,1535099,1585551,3120650,1.03
2/23/2007,1193337,1702372,2895709,1.43
2/26/2007,1382580,1409233,2791813,1.02
2/27/2007,2522329,4298647,6820976,1.7
2/28/2007,2233512,2414007,4647519,1.08
3/1/2007,2070158,2937424,5007582,1.42
3/2/2007,1856953,2409385,4266338,1.3
3/5/2007,1951766,3254430,5206196,1.67
3/6/2007,1819914,2276200,4096114,1.25
3/7/2007,1573717,1924621,3498338,1.22
3/8/2007,1769117,1800481,3569598,1.02
3/9/2007,1479227,1712936,3192163,1.16
3/12/2007,1689938,1783505,3473443,1.06
3/13/2007,2028996,2934166,4963162,1.45
3/14/2007,2433054,4027099,6460153,1.66
3/15/2007,2123154,2389979,4513133,1.13
3/16/2007,1770246,2170908,3941154,1.23
3/19/2007,1859443,1517379,3376822,0.82
3/20/2007,1686022,1575621,3261643,0.93
3/21/2007,2117018,2377482,4494500,1.12
3/22/2007,1820067,1705150,3525217,0.94
3/23/2007,1319291,1216934,2536225,0.92
3/26/2007,1281040,1265740,2546780,0.99
3/27/2007,1231666,1201356,2433022,0.98
3/28/2007,1431115,1964909,3396024,1.37
3/29/2007,1312672,1533651,2846323,1.17
3/30/2007,1373647,1654248,3027895,1.2
4/2/2007,1291229,1066599,2357828,0.83
4/3/2007,1486931,1677388,3164319,1.13
4/4/2007,1207828,1255212,2463040,1.04
4/5/2007,1688966,1298967,2987933,0.77
4/9/2007,1401445,1087234,2488679,0.78
4/10/2007,1311039,1459249,2770288,1.11
4/11/2007,1569172,1555575,3124747,0.99
4/12/2007,1486598,1521178,3007776,1.02
4/13/2007,1531544,1464528,2996072,0.96
4/16/2007,2414570,1938177,4352747,0.8
4/17/2007,2101412,1899578,4000990,0.9
4/18/2007,2237228,1800682,4037910,0.8
4/19/2007,2310938,2168221,4479159,0.94
4/20/2007,2600543,1943520,4544063,0.75
4/23/2007,1899360,1745706,3645066,0.92
4/24/2007,1648624,1983457,3632081,1.2
4/25/2007,2125051,1729257,3854308,0.81
4/26/2007,2198906,1827758,4026664,0.83
4/27/2007,1577277,1592299,3169576,1.01
4/30/2007,1723929,1645018,3368947,0.95
5/1/2007,1601484,1854981,3456465,1.16
5/2/2007,1782370,1448451,3230821,0.81
5/3/2007,1677638,1475695,3153333,0.88
5/4/2007,1993095,1656267,3649362,0.83
5/7/2007,1778791,1237908,3016699,0.7
5/8/2007,1614792,1610125,3224917,1
5/9/2007,2286183,1686085,3972268,0.74
5/10/2007,1728007,1911645,3639652,1.11
5/11/2007,1658351,1565159,3223510,0.94
5/14/2007,2113234,1835884,3949118,0.87
5/15/2007,2135846,1965894,4101740,0.92
5/16/2007,2098754,2168461,4267215,1.03
5/17/2007,2217442,1750696,3968138,0.79
5/18/2007,2307887,2270756,4578643,0.98
5/21/2007,2038220,1959700,3997920,0.96
5/22/2007,1685354,2039226,3724580,1.21
5/23/2007,1740389,1734061,3474450,1
5/24/2007,1644480,1884691,3529171,1.15
5/25/2007,1199150,1258884,2458034,1.05
5/29/2007,1191855,1087504,2279359,0.91
5/30/2007,1587475,1480013,3067488,0.93
5/31/2007,1870371,1739579,3609950,0.93
6/1/2007,1592540,1425333,3017873,0.9
6/4/2007,1425342,1283206,2708548,0.9
6/5/2007,2024072,1915761,3939833,0.95
6/6/2007,1801443,2030430,3831873,1.13
6/7/2007,2216563,2757471,4974034,1.24
6/8/2007,1806246,2022399,3828645,1.12
6/11/2007,1650854,1777537,3428391,1.08
6/12/2007,2139634,2359546,4499180,1.1
6/13/2007,1954311,1870350,3824661,0.96
6/14/2007,2443652,1935115,4378767,0.79
6/15/2007,2379867,2476936,4856803,1.04
6/18/2007,1567260,1441990,3009250,0.92
6/19/2007,1446763,1324661,2771424,0.92
6/20/2007,1707038,1797557,3504595,1.05
6/21/2007,1526547,1504922,3031469,0.99
6/22/2007,1484614,1531276,3015890,1.03
6/25/2007,1342344,1504346,2846690,1.12
6/26/2007,1379791,1534546,2914337,1.11
6/27/2007,2115965,1784504,3900469,0.84
6/28/2007,1488241,1309596,2797837,0.88
6/29/2007,1603535,1639303,3242838,1.02
7/2/2007,1235136,1049011,2284147,0.85
7/3/2007,986094,893546,1879640,0.91
7/5/2007,1338261,1207592,2545853,0.9
7/6/2007,1409075,1233100,2642175,0.88
7/9/2007,1445807,1164910,2610717,0.81
7/10/2007,1866538,1882766,3749304,1.01
7/11/2007,1886194,1699759,3585953,0.9
7/12/2007,2493103,1905053,4398156,0.76
7/13/2007,2039878,1920909,3960787,0.94
7/16/2007,1994650,1647645,3642295,0.83
7/17/2007,2047062,1905810,3952872,0.93
7/18/2007,2251562,2493451,4745013,1.11
7/19/2007,2742623,2182759,4925382,0.8
7/20/2007,2821551,3467788,6289339,1.23
7/23/2007,1902295,1551889,3454184,0.82
7/24/2007,2076837,3077672,5154509,1.48
7/25/2007,2263390,2375957,4639347,1.05
7/26/2007,2757379,4213139,6970518,1.53
7/27/2007,2284991,3144533,5429524,1.38
7/30/2007,2379962,2766049,5146011,1.16
7/31/2007,2404189,3049859,5454048,1.27
8/1/2007,2358793,3208448,5567241,1.36
8/2/2007,2102633,2311838,4414471,1.1
8/3/2007,2056040,3015376,5071416,1.47
8/6/2007,2496032,3213288,5709320,1.29
8/7/2007,2422265,2538607,4960872,1.05
8/8/2007,2889057,2908553,5797610,1.01
8/9/2007,2490600,2883990,5374590,1.16
8/10/2007,2913213,3193191,6106404,1.1
8/13/2007,2187116,2211809,4398925,1.01
8/14/2007,2036793,2876703,4913496,1.41
8/15/2007,2380072,3545572,5925644,1.49
8/16/2007,3712333,5663745,9376078,1.53
8/17/2007,3041781,3755019,6796800,1.23
8/20/2007,1847741,1697075,3544816,0.92
8/21/2007,1838770,1672978,3511748,0.91
8/22/2007,1850541,2018438,3868979,1.09
8/23/2007,1498987,1731511,3230498,1.16
8/24/2007,1456582,1553681,3010263,1.07
8/27/2007,1278961,1248540,2527501,0.98
8/28/2007,1571352,2041537,3612889,1.3
8/29/2007,1515177,1448397,2963574,0.96
8/30/2007,1322149,1230444,2552593,0.93
8/31/2007,1213419,1281944,2495363,1.06
9/4/2007,1675592,1718588,3394180,1.03
9/5/2007,1578277,1813560,3391837,1.15
9/6/2007,1349429,1193001,2542430,0.88
9/7/2007,1570024,1868949,3438973,1.19
9/10/2007,1401703,1621332,3023035,1.16
9/11/2007,1476206,1562157,3038363,1.06
9/12/2007,1592030,1367308,2959338,0.86
9/13/2007,1487220,1534296,3021516,1.03
9/14/2007,1314471,1450305,2764776,1.1
9/17/2007,1559014,1617462,3176476,1.04
9/18/2007,2486693,2578153,5064846,1.04
9/19/2007,2956580,2887855,5844435,0.98
9/20/2007,2450570,2471749,4922319,1.01
9/21/2007,2395122,2053355,4448477,0.86
9/24/2007,2025349,1638446,3663795,0.81
9/25/2007,1559246,1784499,3343745,1.14
9/26/2007,1871485,1635855,3507340,0.87
9/27/2007,1513685,1287987,2801672,0.85
9/28/2007,1450581,1582989,3033570,1.09
10/1/2007,1731778,1523038,3254816,0.88
10/2/2007,1692886,1694532,3387418,1
10/3/2007,1485816,1224070,2709886,0.82
10/4/2007,1731914,1271205,3003119,0.73
10/5/2007,1901741,1474252,3375993,0.78
10/8/2007,1287720,1039396,2327116,0.81
10/9/2007,1917971,1552112,3470083,0.81
10/10/2007,1788457,1608751,3397208,0.9
10/11/2007,2599594,2362282,4961876,0.91
10/12/2007,2124128,1634154,3758282,0.77
10/15/2007,2208288,1771963,3980251,0.8
10/16/2007,2155406,2033525,4188931,0.94
10/17/2007,2735384,2576102,5311486,0.94
10/18/2007,2599247,2065239,4664486,0.79
10/19/2007,2916257,3380233,6296490,1.16
10/22/2007,2055061,2079614,4134675,1.01
10/23/2007,1996473,1941599,3938072,0.97
10/24/2007,2189848,2164689,4354537,0.99
10/25/2007,1733830,1890002,3623832,1.09
10/26/2007,2199233,1809635,4008868,0.82
10/29/2007,1738738,1603512,3342250,0.92
10/30/2007,1579626,1822132,3401758,1.15
10/31/2007,2379550,1828390,4207940,0.77
11/1/2007,2294265,2226686,4520951,0.97
11/2/2007,2146021,2476221,4622242,1.15
11/5/2007,2066647,2116604,4183251,1.02
11/6/2007,2402083,2361726,4763809,0.98
11/7/2007,2468138,2609329,5077467,1.06
11/8/2007,3294161,4080264,7374425,1.24
11/9/2007,2532784,2740696,5273480,1.08
11/12/2007,3091679,2868875,5960554,0.93
11/13/2007,2750762,3339639,6090401,1.21
11/14/2007,2497974,2282929,4780903,0.91
11/15/2007,2332066,3049790,5381856,1.31
11/16/2007,2389221,3029758,5418979,1.27
11/19/2007,1918338,2164817,4083155,1.13
11/20/2007,2309237,2598818,4908055,1.13
11/21/2007,1997351,2436044,4433395,1.22
11/23/2007,797175,702962,1500137,0.88
11/26/2007,1730042,1697553,3427595,0.98
11/27/2007,2528498,2075248,4603746,0.82
11/28/2007,2341438,2090442,4431880,0.89
11/29/2007,1546168,1375652,2921820,0.89
11/30/2007,1819898,1955931,3775829,1.07
12/3/2007,1258501,1045298,2303799,0.83
12/4/2007,1469222,1570958,3040180,1.07
12/5/2007,1645267,1471139,3116406,0.89
12/6/2007,1859646,1640339,3499985,0.88
12/7/2007,1547624,1546527,3094151,1
12/10/2007,1687739,1611029,3298768,0.95
12/11/2007,2242356,2487614,4729970,1.11
12/12/2007,2033254,2010209,4043463,0.99
12/13/2007,1775386,1898867,3674253,1.07
12/14/2007,1601253,1691073,3292326,1.06
12/17/2007,2031946,2288696,4320642,1.13
12/18/2007,2444153,2499734,4943887,1.02
12/19/2007,2052109,2352949,4405058,1.15
12/20/2007,3581256,2421656,6002912,0.68
12/21/2007,4051346,2319928,6371274,0.57
12/24/2007,1011337,908992,1920329,0.9
12/26/2007,1238915,1253506,2492421,1.01
12/27/2007,1335169,1303251,2638420,0.98
12/28/2007,1265627,1166700,2432327,0.92
12/31/2007,1268175,1350974,2619149,1.07
1/2/2008,1768894,2060975,3829869,1.17
1/3/2008,2062441,1882588,3945029,0.91
1/4/2008,2764258,3103749,5868007,1.12
1/7/2008,2124768,2219930,4344698,1.04
1/8/2008,2300987,3164785,5465772,1.38
1/9/2008,2931323,3390567,6321890,1.16
1/10/2008,2590558,2549692,5140250,0.98
1/11/2008,2414741,2240724,4655465,0.93
1/14/2008,2242293,2156056,4398349,0.96
1/15/2008,2608370,3259185,5867555,1.25
1/16/2008,3265154,3879199,7144353,1.19
1/17/2008,3120565,4765563,7886128,1.53
1/18/2008,2997880,3978475,6976355,1.33
1/22/2008,2720919,3255542,5976461,1.2
1/23/2008,3391329,3820240,7211569,1.13
1/24/2008,2767923,2460358,5228281,0.89
1/25/2008,2191238,2319161,4510399,1.06
1/28/2008,1785540,1656049,3441589,0.93
1/29/2008,1997827,1806961,3804788,0.9
1/30/2008,2515132,2051696,4566828,0.82
1/31/2008,2332097,2209151,4541248,0.95
2/1/2008,2643618,2161255,4804873,0.82
2/4/2008,1642970,1617777,3260747,0.98
2/5/2008,1955580,2231222,4186802,1.14
2/6/2008,1842052,1951871,3793923,1.06
2/7/2008,2265312,2561181,4826493,1.13
2/8/2008,1741716,2003196,3744912,1.15
2/11/2008,1943250,1893578,3836828,0.97
2/12/2008,2452485,2789922,5242407,1.14
2/13/2008,2042398,1996382,4038780,0.98
2/14/2008,2225362,2236856,4462218,1.01
2/15/2008,2083950,2411532,4495482,1.16
2/19/2008,1940883,1957760,3898643,1.01
2/20/2008,1820754,1567029,3387783,0.86
2/21/2008,1640425,1578565,3218990,0.96
2/22/2008,1635570,1876631,3512201,1.15
2/25/2008,1661200,1553897,3215097,0.94
2/26/2008,2006967,2129498,4136465,1.06
2/27/2008,1585918,1741909,3327827,1.1
2/28/2008,1487159,1839771,3326930,1.24
2/29/2008,1865335,2361925,4227260,1.27
3/3/2008,1621521,2008533,3630054,1.24
3/4/2008,2060481,2467806,4528287,1.2
3/5/2008,1735262,1986129,3721391,1.14
3/6/2008,1854025,2357843,4211868,1.27
3/7/2008,2204946,2744961,4949907,1.24
3/10/2008,1911865,2837956,4749821,1.48
3/11/2008,2502134,2792828,5294962,1.12
3/12/2008,1990316,2212112,4202428,1.11
3/13/2008,2313471,2831962,5145433,1.22
3/14/2008,2526560,3548627,6075187,1.4
3/17/2008,2716683,4030159,6746842,1.48
3/18/2008,3051328,3050838,6102166,1
3/19/2008,2986233,3603215,6589448,1.21
3/20/2008,2800326,3082002,5882328,1.1
3/24/2008,2605069,2124354,4729423,0.82
3/25/2008,1898532,1825466,3723998,0.96
3/26/2008,1912377,1989154,3901531,1.04
3/27/2008,1623603,1826485,3450088,1.12
3/28/2008,1283498,1487897,2771395,1.16
3/31/2008,1404091,1443125,2847216,1.03
4/1/2008,2537921,2293709,4831630,0.9
4/2/2008,1962031,2067487,4029518,1.05
4/3/2008,1561765,1636260,3198025,1.05
4/4/2008,1766135,2124075,3890210,1.2
4/7/2008,1952201,1890378,3842579,0.97
4/8/2008,1375143,1563250,2938393,1.14
4/9/2008,1649715,1920810,3570525,1.16
4/10/2008,1780749,1729969,3510718,0.97
4/11/2008,1919942,2477479,4397421,1.29
4/14/2008,1797462,1822016,3619478,1.01
4/15/2008,1851312,1958882,3810194,1.06
4/16/2008,2715841,2512823,5228664,0.93
4/17/2008,2411084,2254732,4665816,0.94
4/18/2008,3319002,2729048,6048050,0.82
4/21/2008,1918912,1825959,3744871,0.95
4/22/2008,1967082,2094721,4061803,1.06
4/23/2008,1751886,1653607,3405493,0.94
4/24/2008,2239991,2045541,4285532,0.91
4/25/2008,1833425,1647176,3480601,0.9
4/28/2008,1541958,1503600,3045558,0.98
4/29/2008,1576686,1697491,3274177,1.08
4/30/2008,1851855,1732728,3584583,0.94
5/1/2008,2345194,2193032,4538226,0.94
5/2/2008,2255412,2024025,4279437,0.9
5/5/2008,1943315,1757765,3701080,0.9
5/6/2008,2473863,2021477,4495340,0.82
5/7/2008,2297707,2361671,4659378,1.03
5/8/2008,1899002,1681546,3580548,0.89
5/9/2008,1880132,1750735,3630867,0.93
5/12/2008,2127833,1843822,3971655,0.87
5/13/2008,2392090,1884382,4276472,0.79
5/14/2008,2821338,2276427,5097765,0.81
5/15/2008,2705709,2097290,4802999,0.78
5/16/2008,2825947,2414493,5240440,0.85
5/19/2008,2443221,2088930,4532151,0.85
5/20/2008,1975426,2166822,4142248,1.1
5/21/2008,2159736,2553799,4713535,1.18
5/22/2008,1770875,1728199,3499074,0.98
5/23/2008,1890891,1994718,3885609,1.05
5/27/2008,1538597,1454849,2993446,0.95
5/28/2008,1719211,1409282,3128493,0.82
5/29/2008,2124937,1829535,3954472,0.86
5/30/2008,1562752,1320058,2882810,0.84
6/2/2008,1797761,1953351,3751112,1.09
6/3/2008,1942588,2212033,4154621,1.14
6/4/2008,1848744,2008689,3857433,1.09
6/5/2008,2297365,2240637,4538002,0.98
6/6/2008,2724698,3123219,5847917,1.15
6/9/2008,2728489,2570492,5298981,0.94
6/10/2008,2306202,2206224,4512426,0.96
6/11/2008,2488930,2838211,5327141,1.14
6/12/2008,2584946,2477082,5062028,0.96
6/13/2008,2512111,2282805,4794916,0.91
6/16/2008,2354665,2200900,4555565,0.93
6/17/2008,2104570,2098106,4202676,1
6/18/2008,2616610,2932780,5549390,1.12
6/19/2008,3139399,3077327,6216726,0.98
6/20/2008,2889121,3838712,6727833,1.33
6/23/2008,2372543,2053475,4426018,0.87
6/24/2008,2154916,2125340,4280256,0.99
6/25/2008,2535628,2171218,4706846,0.86
6/26/2008,2747644,3137383,5885027,1.14
6/27/2008,2404012,2709492,5113504,1.13
6/30/2008,2296431,2524433,4820864,1.1
7/1/2008,2982970,3010565,5993535,1.01
7/2/2008,2702193,2922151,5624344,1.08
7/3/2008,1716585,2065970,3782555,1.2
7/7/2008,2678665,3240919,5919584,1.21
7/8/2008,3117620,3151932,6269552,1.01
7/9/2008,2573893,2595865,5169758,1.01
7/10/2008,2849006,3032668,5881674,1.06
7/11/2008,3497466,4017798,7515264,1.15
7/14/2008,2829625,3252687,6082312,1.15
7/15/2008,3896969,4488690,8385659,1.15
7/16/2008,3837432,3553714,7391146,0.93
7/17/2008,4513346,3902975,8416321,0.86
7/18/2008,3216085,2950120,6166205,0.92
7/21/2008,2471219,2163856,4635075,0.88
7/22/2008,2914623,2640364,5554987,0.91
7/23/2008,3456572,3106948,6563520,0.9
7/24/2008,2601610,2737847,5339457,1.05
7/25/2008,2088482,1738851,3827333,0.83
7/28/2008,1853011,1994628,3847639,1.08
7/29/2008,2541028,2136784,4677812,0.84
7/30/2008,2765603,2401428,5167031,0.87
7/31/2008,2368484,2259725,4628209,0.95
8/1/2008,2659732,2644212,5303944,0.99
8/4/2008,2046883,1987438,4034321,0.97
8/5/2008,2902930,2208728,5111658,0.76
8/6/2008,2461372,2339415,4800787,0.95
8/7/2008,2136662,2236635,4373297,1.05
8/8/2008,2630267,2418926,5049193,0.92
8/11/2008,3140124,2712489,5852613,0.86
8/12/2008,2631011,2750769,5381780,1.05
8/13/2008,2730169,2827332,5557501,1.04
8/14/2008,3020695,2623063,5643758,0.87
8/15/2008,2633801,2637498,5271299,1
8/18/2008,2055479,2157975,4213454,1.05
8/19/2008,1974827,2234622,4209449,1.13
8/20/2008,1863519,1803243,3666762,0.97
8/21/2008,1763030,1700386,3463416,0.96
8/22/2008,1516953,1326137,2843090,0.87
8/25/2008,1303238,1459582,2762820,1.12
8/26/2008,1358086,1312658,2670744,0.97
8/27/2008,1527147,1247118,2774265,0.82
8/28/2008,1912410,1577189,3489599,0.82
8/29/2008,1370274,1362407,2732681,0.99
9/2/2008,1996433,1924664,3921097,0.96
9/3/2008,2445275,2097561,4542836,0.86
9/4/2008,2809730,3024427,5834157,1.08
9/5/2008,2711816,2714115,5425931,1
9/8/2008,3125577,2798544,5924121,0.9
9/9/2008,2973562,3310257,6283819,1.11
9/10/2008,2568419,2829481,5397900,1.1
9/11/2008,3309631,3342587,6652218,1.01
9/12/2008,3101842,3145668,6247510,1.01
9/15/2008,2751171,4042115,6793286,1.47
9/16/2008,3727770,4876096,8603866,1.31
9/17/2008,4119196,5640723,9759919,1.37
9/18/2008,4594465,5432643,10027108,1.18
9/19/2008,4500909,3697788,8198697,0.82
9/22/2008,2418476,2342075,4760551,0.97
9/23/2008,2408097,2496563,4904660,1.04
9/24/2008,1965168,2066057,4031225,1.05
9/25/2008,2632006,2101968,4733974,0.8
9/26/2008,2141426,2166347,4307773,1.01
9/29/2008,2413185,3323334,5736519,1.38
9/30/2008,2351400,3051229,5402629,1.3
10/1/2008,2298622,2264735,4563357,0.99
10/2/2008,2440243,3332176,5772419,1.37
10/3/2008,2842325,3155646,5997971,1.11
10/6/2008,3819051,5772202,9591253,1.51
10/7/2008,3277545,3594726,6872271,1.1
10/8/2008,3463800,4090607,7554407,1.18
10/9/2008,3036092,4109376,7145468,1.35
10/10/2008,4119106,5045000,9164106,1.22
10/13/2008,3409048,3015706,6424754,0.88
10/14/2008,3386180,2945891,6332071,0.87
10/15/2008,3077107,3457728,6534835,1.12
10/16/2008,3730337,4294899,8025236,1.15
10/17/2008,3147682,3061026,6208708,0.97
10/20/2008,2218634,1798266,4016900,0.81
10/21/2008,2185551,1909029,4094580,0.87
10/22/2008,2365793,2878059,5243852,1.22
10/23/2008,2509556,3118026,5627582,1.24
10/24/2008,2037861,2526707,4564568,1.24
10/27/2008,1655003,1916302,3571305,1.16
10/28/2008,2415415,2437040,4852455,1.01
10/29/2008,2565295,2024750,4590045,0.79
10/30/2008,2158982,1729327,3888309,0.8
10/31/2008,2065990,1978113,4044103,0.96
11/3/2008,1672435,1614660,3287095,0.97
11/4/2008,2453319,2456702,4910021,1
11/5/2008,2340836,2194799,4535635,0.94
11/6/2008,2090404,2786139,4876543,1.33
11/7/2008,1618569,1568133,3186702,0.97
11/10/2008,1538203,1701313,3239516,1.11
11/11/2008,1799620,2094761,3894381,1.16
11/12/2008,2221944,2575286,4797230,1.16
11/13/2008,3269442,3235196,6504638,0.99
11/14/2008,2185459,2215699,4401158,1.01
11/17/2008,2026110,1922252,3948362,0.95
11/18/2008,2443762,2641940,5085702,1.08
11/19/2008,2613581,3687838,6301419,1.41
11/20/2008,3170866,4207071,7377937,1.33
11/21/2008,3416740,3827279,7244019,1.12
11/24/2008,2808855,2086119,4894974,0.74
11/25/2008,1954559,1540887,3495446,0.79
11/26/2008,2104222,1574672,3678894,0.75
11/28/2008,837123,736962,1574085,0.88
12/1/2008,1760338,1754562,3514900,1
12/2/2008,1749798,1641119,3390917,0.94
12/3/2008,1773195,1820772,3593967,1.03
12/4/2008,1823563,1710113,3533676,0.94
12/5/2008,2110363,1938149,4048512,0.92
12/8/2008,2561660,2205590,4767250,0.86
12/9/2008,2170011,1817459,3987470,0.84
12/10/2008,1910363,1803702,3714065,0.94
12/11/2008,2163166,2117752,4280918,0.98
12/12/2008,1806145,1878946,3685091,1.04
12/15/2008,1560143,1628859,3189002,1.04
12/16/2008,2600906,2359564,4960470,0.91
12/17/2008,2465494,2074203,4539697,0.84
12/18/2008,2372720,2135132,4507852,0.9
12/19/2008,2151429,1757556,3908985,0.82
12/22/2008,1559929,1163445,2723374,0.75
12/23/2008,1191141,936817,2127958,0.79
12/24/2008,459511,368526,828037,0.8
12/26/2008,635972,496179,1132151,0.78
12/29/2008,1160790,1087920,2248710,0.94
12/30/2008,1244376,1033302,2277678,0.83
12/31/2008,1410605,1142583,2553188,0.81
1/2/2009,1675165,1602827,3277992,0.96
1/5/2009,2028473,1693351,3721824,0.83
1/6/2009,2427642,1941894,4369536,0.8
1/7/2009,746138,851842,1597980,1.14
1/8/2009,903705,964690,1868395,1.07
1/9/2009,1843735,1893787,3737522,1.03
1/12/2009,1959494,2264135,4223629,1.16
1/13/2009,2279800,2090059,4369859,0.92
1/14/2009,2504701,2871760,5376461,1.15
1/15/2009,3105414,3638455,6743869,1.17
1/16/2009,2721973,2634566,5356539,0.97
1/20/2009,2470548,2367660,4838208,0.96
1/21/2009,2309854,2145102,4454956,0.93
1/22/2009,2180317,1915453,4095770,0.88
1/23/2009,2348871,1802799,4151670,0.77
1/26/2009,1962550,1523290,3485840,0.78
1/27/2009,1720318,1348977,3069295,0.78
1/28/2009,2584288,2001487,4585775,0.77
1/29/2009,1787495,1702047,3489542,0.95
1/30/2009,1786630,1833425,3620055,1.03
2/2/2009,1832975,1499837,3332812,0.82
2/3/2009,2077576,1650509,3728085,0.79
2/4/2009,1996937,1797441,3794378,0.9
2/5/2009,2464801,1843998,4308799,0.75
2/6/2009,2862993,2042495,4905488,0.71
2/9/2009,2132595,1424595,3557190,0.67
2/10/2009,2565817,2246662,4812479,0.88
2/11/2009,1805661,1673231,3478892,0.93
2/12/2009,2184854,1967017,4151871,0.9
2/13/2009,1704762,1515405,3220167,0.89
2/17/2009,2327780,2402273,4730053,1.03
2/18/2009,2273266,2683794,4957060,1.18
2/19/2009,2379897,2714320,5094217,1.14
2/20/2009,3295812,3500229,6796041,1.06
2/23/2009,2289385,2180946,4470331,0.95
2/24/2009,2412278,1898695,4310973,0.79
2/25/2009,2185599,1852029,4037628,0.85
2/26/2009,2114178,1443089,3557267,0.68
2/27/2009,2131403,2080101,4211504,0.98
3/2/2009,2528203,2704888,5233091,1.07
3/3/2009,2279108,2159832,4438940,0.95
3/4/2009,2515901,2400346,4916247,0.95
3/5/2009,2614940,2664075,5279015,1.02
3/6/2009,2747512,2403126,5150638,0.87
3/9/2009,2474876,1820756,4295632,0.74
3/10/2009,3084798,2237980,5322778,0.73
3/11/2009,2576696,1934537,4511233,0.75
3/12/2009,3183819,2244757,5428576,0.71
3/13/2009,2547092,1815463,4362555,0.71
3/16/2009,3164026,2536977,5701003,0.8
3/17/2009,3125644,2422986,5548630,0.78
3/18/2009,4542710,2930815,7473525,0.65
3/19/2009,3742368,2882530,6624898,0.77
3/20/2009,3093581,2767103,5860684,0.89
3/23/2009,3416239,2390529,5806768,0.7
3/24/2009,2503393,1903258,4406651,0.76
3/25/2009,2341359,2010152,4351511,0.86
3/26/2009,2153949,1976472,4130421,0.92
3/27/2009,1714979,1572230,3287209,0.92
3/30/2009,1894176,2151899,4046075,1.14
3/31/2009,1921816,1563087,3484903,0.81
4/1/2009,2083202,1896533,3979735,0.91
4/2/2009,3587011,2477658,6064669,0.69
4/3/2009,2341722,1933400,4275122,0.83
4/6/2009,1940464,1857147,3797611,0.96
4/7/2009,1937457,1863061,3800518,0.96
4/8/2009,1984902,1687894,3672796,0.85
4/9/2009,3384782,2733689,6118471,0.81
4/13/2009,3351087,2233962,5585049,0.67
4/14/2009,3514871,2686940,6201811,0.76
4/15/2009,2888645,2681632,5570277,0.93
4/16/2009,3815123,2879846,6694969,0.75
4/17/2009,4083606,2923310,7006916,0.72
4/20/2009,3049599,2803667,5853266,0.92
4/21/2009,2698389,2261340,4959729,0.84
4/22/2009,2856874,2227397,5084271,0.78
4/23/2009,2197067,1993753,4190820,0.91
4/24/2009,2590017,2160911,4750928,0.83
4/27/2009,2373504,1930261,4303765,0.81
4/28/2009,1871420,1607406,3478826,0.86
4/29/2009,2389341,1794368,4183709,0.75
4/30/2009,2420085,2218348,4638433,0.92
5/1/2009,1937768,1590586,3528354,0.82
5/4/2009,2805767,2065645,4871412,0.74
5/5/2009,2689405,1781217,4470622,0.66
5/6/2009,3694211,2823231,6517442,0.76
5/7/2009,3920918,3189103,7110021,0.81
5/8/2009,3413833,2968569,6382402,0.87
5/11/2009,2854230,2458816,5313046,0.86
5/12/2009,3044886,2615472,5660358,0.86
5/13/2009,3174864,2829023,6003887,0.89
5/14/2009,3190806,2801628,5992434,0.88
5/15/2009,2945059,2354979,5300038,0.8
5/18/2009,2423026,1882157,4305183,0.78
5/19/2009,2420155,1986960,4407115,0.82
5/20/2009,2898895,2498718,5397613,0.86
5/21/2009,2396685,2346034,4742719,0.98
5/22/2009,1762087,1422223,3184310,0.81
5/26/2009,2154751,1554652,3709403,0.72
5/27/2009,2227998,1917088,4145086,0.86
5/28/2009,2348273,1777117,4125390,0.76
5/29/2009,2103071,1621307,3724378,0.77
6/1/2009,3200551,2479744,5680295,0.77
6/2/2009,2306368,1901686,4208054,0.82
6/3/2009,2075248,2002472,4077720,0.96
6/4/2009,2057391,1814972,3872363,0.88
6/5/2009,2192173,1769162,3961335,0.81
6/8/2009,1785517,1677634,3463151,0.94
6/9/2009,2024256,1748947,3773203,0.86
6/10/2009,2301452,1987051,4288503,0.86
6/11/2009,2678386,2060302,4738688,0.77
6/12/2009,2181325,1880275,4061600,0.86
6/15/2009,2625369,2125744,4751113,0.81
6/16/2009,2504699,2540765,5045464,1.01
6/17/2009,2709244,3074874,5784118,1.13
6/18/2009,2547740,2387192,4934932,0.94
6/19/2009,3072947,2644116,5717063,0.86
6/22/2009,2207839,2064318,4272157,0.93
6/23/2009,1903327,1894810,3798137,1
6/24/2009,1875826,1594703,3470529,0.85
6/25/2009,1928320,1733053,3661373,0.9
6/26/2009,1581827,1289091,2870918,0.81
6/29/2009,1596388,1248250,2844638,0.78
6/30/2009,1706782,1841842,3548624,1.08
7/1/2009,1713055,1370178,3083233,0.8
7/2/2009,1695564,1787354,3482918,1.05
7/6/2009,1841030,1601401,3442431,0.87
7/7/2009,1935708,1964683,3900391,1.01
7/8/2009,2500951,2570843,5071794,1.03
7/9/2009,1679374,1794367,3473741,1.07
7/10/2009,1733526,1875653,3609179,1.08
7/13/2009,2442463,2035278,4477741,0.83
7/14/2009,2196988,1821063,4018051,0.83
7/15/2009,3712820,2901655,6614475,0.78
7/16/2009,3335148,2538264,5873412,0.76
7/17/2009,3421207,2528870,5950077,0.74
7/20/2009,2865391,2008664,4874055,0.7
7/21/2009,2095734,1663407,3759141,0.79
7/22/2009,2070216,2046738,4116954,0.99
7/23/2009,3008705,2630568,5639273,0.87
7/24/2009,1907225,1769972,3677197,0.93
7/27/2009,1859660,1473702,3333362,0.79
7/28/2009,2210821,1794706,4005527,0.81
7/29/2009,2122974,1977480,4100454,0.93
7/30/2009,3243703,2152744,5396447,0.66
7/31/2009,1877680,1578454,3456134,0.84
8/3/2009,2384797,1819362,4204159,0.76
8/4/2009,2303198,1874724,4177922,0.81
8/5/2009,2743568,2028598,4772166,0.74
8/6/2009,2345412,2146553,4491965,0.92
8/7/2009,3064913,2233919,5298832,0.73
8/10/2009,1968527,1485238,3453765,0.75
8/11/2009,2422489,1865627,4288116,0.77
8/12/2009,2252701,2097916,4350617,0.93
8/13/2009,2397196,1862134,4259330,0.78
8/14/2009,2103267,1999601,4102868,0.95
8/17/2009,2378056,2364227,4742283,0.99
8/18/2009,2191156,2039930,4231086,0.93
8/19/2009,2517606,2446209,4963815,0.97
8/20/2009,3023895,2171560,5195455,0.72
8/21/2009,3749870,2222969,5972839,0.59
8/24/2009,2679873,1961852,4641725,0.73
8/25/2009,2269239,1833339,4102578,0.81
8/26/2009,1745216,1834538,3579754,1.05
8/27/2009,2424318,1977022,4401340,0.82
8/28/2009,2472972,1867539,4340511,0.76
8/31/2009,1842454,1641793,3484247,0.89
9/1/2009,3035790,2830982,5866772,0.93
9/2/2009,2414431,2218085,4632516,0.92
9/3/2009,2174399,2007520,4181919,0.92
9/4/2009,1953761,1743254,3697015,0.89
9/8/2009,2288234,1826558,4114792,0.8
9/9/2009,2698697,2305041,5003738,0.85
9/10/2009,2485647,2250136,4735783,0.91
9/11/2009,2686579,2374975,5061554,0.88
9/14/2009,2459588,1978512,4438100,0.8
9/15/2009,3200780,2422413,5623193,0.76
9/16/2009,4363175,2900533,7263708,0.66
9/17/2009,4046300,3174229,7220529,0.78
9/18/2009,2909081,2486192,5395273,0.85
9/21/2009,2291124,1724465,4015589,0.75
9/22/2009,2231315,1694220,3925535,0.76
9/23/2009,2348643,2112334,4460977,0.9
9/24/2009,2308822,2274458,4583280,0.99
9/25/2009,1985948,1910252,3896200,0.96
9/28/2009,1301824,1305359,2607183,1
9/29/2009,1741151,1496932,3238083,0.86
9/30/2009,2057185,2300579,4357764,1.12
10/1/2009,2615118,2517694,5132812,0.96
10/2/2009,2372872,2642983,5015855,1.11
10/5/2009,1922585,1539176,3461761,0.8
10/6/2009,2505639,1928836,4434475,0.77
10/7/2009,1990773,1551984,3542757,0.78
10/8/2009,2781821,2018084,4799905,0.73
10/9/2009,2011344,1590227,3601571,0.79
10/12/2009,2117725,1741114,3858839,0.82
10/13/2009,2339764,1879166,4218930,0.8
10/14/2009,3589063,2475741,6064804,0.69
10/15/2009,3404319,2345063,5749382,0.69
10/16/2009,3436769,2627581,6064350,0.76
10/19/2009,2340320,2118774,4459094,0.91
10/20/2009,1994955,1840540,3835495,0.92
10/21/2009,2564744,2417890,4982634,0.94
10/22/2009,2360621,1897833,4258454,0.8
10/23/2009,2107871,1803804,3911675,0.86
10/26/2009,2305817,2034257,4340074,0.88
10/27/2009,2038518,2065825,4104343,1.01
10/28/2009,2656410,2938690,5595100,1.11
10/29/2009,2257823,1900671,4158494,0.84
10/30/2009,2566266,3105607,5671873,1.21
11/2/2009,2789493,2886323,5675816,1.03
11/3/2009,2097189,1963483,4060672,0.94
11/4/2009,2488846,2034432,4523278,0.82
11/5/2009,2089704,1809645,3899349,0.87
11/6/2009,2052772,2095467,4148239,1.02
11/9/2009,2468075,2151036,4619111,0.87
11/10/2009,1911154,1599380,3510534,0.84
11/11/2009,2266041,2047470,4313511,0.9
11/12/2009,2171890,1853836,4025726,0.85
11/13/2009,1770881,1785111,3555992,1.01
11/16/2009,2699153,2258517,4957670,0.84
11/17/2009,2146198,1890728,4036926,0.88
11/18/2009,2584164,2182338,4766502,0.84
11/19/2009,2629202,2624265,5253467,1
11/20/2009,2652049,2427883,5079932,0.92
11/23/2009,2610197,1743733,4353930,0.67
11/24/2009,1691424,1485233,3176657,0.88
11/25/2009,1630238,1392990,3023228,0.85
11/27/2009,1314283,1381255,2695538,1.05
11/30/2009,1722522,1782717,3505239,1.03
12/1/2009,2127126,1783930,3911056,0.84
12/2/2009,1951020,1736634,3687654,0.89
12/3/2009,2793623,1890506,4684129,0.68
12/4/2009,2887987,2448443,5336430,0.85
12/7/2009,1737289,1557713,3295002,0.9
12/8/2009,2366137,2135067,4501204,0.9
12/9/2009,2057015,1975974,4032989,0.96
12/10/2009,2126171,1936001,4062172,0.91
12/11/2009,2086164,1870862,3957026,0.9
12/14/2009,2284882,2034814,4319696,0.89
12/15/2009,2818548,2141490,4960038,0.76
12/16/2009,2976853,2671196,5648049,0.9
12/17/2009,3493343,3161705,6655048,0.91
12/18/2009,2868274,2797075,5665349,0.98
12/21/2009,2659083,1635421,4294504,0.62
12/22/2009,2795613,1666894,4462507,0.6
12/23/2009,1851560,1528980,3380540,0.83
12/24/2009,998268,738401,1736669,0.74
12/28/2009,1604604,1268651,2873255,0.79
12/29/2009,1532390,1393042,2925432,0.91
12/30/2009,1630979,1277988,2908967,0.78
12/31/2009,1451160,1313892,2765052,0.91
1/4/2010,2409116,1686299,4095415,0.7
1/5/2010,2676986,1936307,4613293,0.72
1/6/2010,2512893,1786247,4299140,0.71
1/7/2010,2813282,2014780,4828062,0.72
1/8/2010,2767312,1811081,4578393,0.65
1/11/2010,2856229,1955388,4811617,0.68
1/12/2010,2942063,2345312,5287375,0.8
1/13/2010,2962212,2392817,5355029,0.81
1/14/2010,2852959,2162280,5015239,0.76
1/15/2010,3345896,2757125,6103021,0.82
1/19/2010,2797026,2060037,4857063,0.74
1/20/2010,2456578,2263099,4719677,0.92
1/21/2010,2946583,2751208,5697791,0.93
1/22/2010,3160435,3373574,6534009,1.07
1/25/2010,2121560,2080772,4202332,0.98
1/26/2010,2303176,1965543,4268719,0.85
1/27/2010,2423935,2294848,4718783,0.95
1/28/2010,2404461,1930993,4335454,0.8
1/29/2010,2216027,2217160,4433187,1
2/1/2010,2293196,1726430,4019626,0.75
2/2/2010,2164956,1873581,4038537,0.87
2/3/2010,1942002,1616324,3558326,0.83
2/4/2010,2594723,2743619,5338342,1.06
2/5/2010,2749102,3325882,6074984,1.21
2/8/2010,1698192,1690359,3388551,1
2/9/2010,2099921,2054879,4154800,0.98
2/10/2010,1800452,1668387,3468839,0.93
2/11/2010,2270918,1943640,4214558,0.86
2/12/2010,1883902,1723288,3607190,0.91
2/16/2010,2410129,2114540,4524669,0.88
2/17/2010,2767216,2558038,5325254,0.92
2/18/2010,3029934,2417968,5447902,0.8
2/19/2010,2801463,2361243,5162706,0.84
2/22/2010,2245302,1878554,4123856,0.84
2/23/2010,1993293,2088646,4081939,1.05
2/24/2010,1876494,1569224,3445718,0.84
2/25/2010,1903738,1952583,3856321,1.03
2/26/2010,1717498,1503532,3221030,0.88
3/1/2010,2170108,2031045,4201153,0.94
3/2/2010,2356067,1852564,4208631,0.79
3/3/2010,2023385,1777703,3801088,0.88
3/4/2010,1939137,1959349,3898486,1.01
3/5/2010,2699714,2247141,4946855,0.83
3/8/2010,2004148,1847125,3851273,0.92
3/9/2010,2922296,1999871,4922167,0.68
3/10/2010,2979157,2431595,5410752,0.82
3/11/2010,2372275,2208463,4580738,0.93
3/12/2010,2328287,2013006,4341293,0.86
3/15/2010,2050685,1630937,3681622,0.8
3/16/2010,2622183,1980384,4602567,0.76
3/17/2010,3338977,2870444,6209421,0.86
3/18/2010,2774286,2123490,4897776,0.77
3/19/2010,2635043,2566998,5202041,0.97
3/22/2010,2107886,1924329,4032215,0.91
3/23/2010,2111996,1585249,3697245,0.75
3/24/2010,1893452,1747458,3640910,0.92
3/25/2010,2545223,2205731,4750954,0.87
3/26/2010,1810148,1670366,3480514,0.92
3/29/2010,1556820,1310203,2867023,0.84
3/30/2010,1596944,1371558,2968502,0.86
3/31/2010,1784283,1452934,3237217,0.81
4/1/2010,1879554,1697229,3576783,0.9
4/5/2010,1922106,1526795,3448901,0.79
4/6/2010,2458239,1874221,4332460,0.76
4/7/2010,2468096,2244293,4712389,0.91
4/8/2010,2217745,1742776,3960521,0.79
4/9/2010,2704536,1923879,4628415,0.71
4/12/2010,2697335,1829067,4526402,0.68
4/13/2010,2967991,2144781,5112772,0.72
4/14/2010,4250848,2373825,6624673,0.56
4/15/2010,4253461,3048404,7301865,0.72
4/16/2010,4508353,3854219,8362572,0.85
4/19/2010,3201684,2904474,6106158,0.91
4/20/2010,2399708,2193026,4592734,0.91
4/21/2010,2608656,2369539,4978195,0.91
4/22/2010,2793231,2118491,4911722,0.76
4/23/2010,2520047,1781959,4302006,0.71
4/26/2010,2595988,1728342,4324330,0.67
4/27/2010,3033083,2692949,5726032,0.89
4/28/2010,2551134,2115324,4666458,0.83
4/29/2010,2672852,1936938,4609790,0.72
4/30/2010,2451853,2590819,5042672,1.06
5/3/2010,2296822,1797331,4094153,0.78
5/4/2010,3313350,3262507,6575857,0.98
5/5/2010,3183050,3646901,6829951,1.15
5/6/2010,5068564,5185189,10253753,1.02
5/7/2010,4233291,5165583,9398874,1.22
5/10/2010,3115440,3186107,6301547,1.02
5/11/2010,2525233,2743246,5268479,1.09
5/12/2010,2704263,2347537,5051800,0.87
5/13/2010,2498125,2151938,4650063,0.86
5/14/2010,3182379,3528316,6710695,1.11
5/17/2010,2704843,2749954,5454797,1.02
5/18/2010,2901465,2927868,5829333,1.01
5/19/2010,3137015,4287500,7424515,1.37
5/20/2010,3828170,5858133,9686303,1.53
5/21/2010,3753565,4962286,8715851,1.32
5/24/2010,2207041,2067384,4274425,0.94
5/25/2010,2671429,3046345,5717774,1.14
5/26/2010,2461169,2578874,5040043,1.05
5/27/2010,2127813,2214145,4341958,1.04
5/28/2010,1653464,2007963,3661427,1.21
6/1/2010,1635316,1466966,3102282,0.9
6/2/2010,1847848,1651516,3499364,0.89
6/3/2010,1828456,1979164,3807620,1.08
6/4/2010,2177222,2104926,4282148,0.97
6/7/2010,2113082,2033725,4146807,0.96
6/8/2010,2288424,2646831,4935255,1.16
6/9/2010,2105504,2223579,4329083,1.06
6/10/2010,2188756,2192801,4381557,1
6/11/2010,1634412,1759902,3394314,1.08
6/14/2010,1894519,2079676,3974195,1.1
6/15/2010,2197857,1901922,4099779,0.87
6/16/2010,2226491,2115889,4342380,0.95
6/17/2010,2165593,1944980,4110573,0.9
6/18/2010,2278299,2001827,4280126,0.88
6/21/2010,2135061,1982675,4117736,0.93
6/22/2010,1707515,1770213,3477728,1.04
6/23/2010,1405681,1569169,2974850,1.12
6/24/2010,1758233,2092429,3850662,1.19
6/25/2010,1592952,1422798,3015750,0.89
6/28/2010,1304021,1024762,2328783,0.79
6/29/2010,2267245,2493126,4760371,1.1
6/30/2010,1740297,1857891,3598188,1.07
7/1/2010,2379656,2989487,5369143,1.26
7/2/2010,1428420,1291658,2720078,0.9
7/6/2010,1666818,1884159,3550977,1.13
7/7/2010,1906967,1659504,3566471,0.87
7/8/2010,1758268,1419244,3177512,0.81
7/9/2010,1822045,1552684,3374729,0.85
7/12/2010,1626447,1635360,3261807,1.01
7/13/2010,2719216,2257135,4976351,0.83
7/14/2010,2227524,2073297,4300821,0.93
7/15/2010,2170442,1904129,4074571,0.88
7/16/2010,2308676,2536237,4844913,1.1
7/19/2010,2014759,1452354,3467113,0.72
7/20/2010,1935597,1718971,3654568,0.89
7/21/2010,1695977,1712326,3408303,1.01
7/22/2010,2221386,1812858,4034244,0.82
7/23/2010,1687933,1415194,3103127,0.84
7/26/2010,1693681,1672178,3365859,0.99
7/27/2010,1868770,1548190,3416960,0.83
7/28/2010,1367702,1316965,2684667,0.96
7/29/2010,1630482,1608424,3238906,0.99
7/30/2010,1412375,1140186,2552561,0.81
8/2/2010,1782754,1659242,3441996,0.93
8/3/2010,1539190,1311451,2850641,0.85
8/4/2010,1644682,1351573,2996255,0.82
8/5/2010,1398118,1331420,2729538,0.95
8/6/2010,1632149,1501910,3134059,0.92
8/9/2010,1362529,1103176,2465705,0.81
8/10/2010,1569161,1588346,3157507,1.01
8/11/2010,2072916,2216506,4289422,1.07
8/12/2010,1859924,1851612,3711536,1
8/13/2010,1301388,1304103,2605491,1
8/16/2010,1522792,1394398,2917190,0.92
8/17/2010,1834412,1833953,3668365,1
8/18/2010,1912792,2301282,4214074,1.2
8/19/2010,2255755,2197683,4453438,0.97
8/20/2010,2239353,2335824,4575177,1.04
8/23/2010,2103484,1493482,3596966,0.71
8/24/2010,1842552,1753475,3596027,0.95
8/25/2010,1803455,1841168,3644623,1.02
8/26/2010,1544026,1363504,2907530,0.88
8/27/2010,1863061,1496572,3359633,0.8
8/30/2010,1134541,1114887,2249428,0.98
8/31/2010,1414296,1296345,2710641,0.92
9/1/2010,2168137,1768178,3936315,0.82
9/2/2010,1644652,1481698,3126350,0.9
9/3/2010,1802420,1740652,3543072,0.97
9/7/2010,1298230,1729339,3027569,1.33
9/8/2010,1700813,1603044,3303857,0.94
9/9/2010,1566268,1667361,3233629,1.06
9/10/2010,1493605,1911432,3405037,1.28
9/13/2010,2260934,1882131,4143065,0.83
9/14/2010,2158742,1945257,4103999,0.9
9/15/2010,2397305,2233666,4630971,0.93
9/16/2010,2437779,2006070,4443849,0.82
9/17/2010,2302198,2055808,4358006,0.89
9/20/2010,2192438,1749390,3941828,0.8
9/21/2010,1891850,1860715,3752565,0.98
9/22/2010,1721607,1632807,3354414,0.95
9/23/2010,1678950,1570067,3249017,0.94
9/24/2010,1884891,1589305,3474196,0.84
9/27/2010,1427994,1203275,2631269,0.84
9/28/2010,1594775,1626060,3220835,1.02
9/29/2010,1801208,1412842,3214050,0.78
9/30/2010,1977424,1659252,3636676,0.84
10/1/2010,1864762,1523188,3387950,0.82
10/4/2010,1597806,1287546,2885352,0.81
10/5/2010,2387343,2133675,4521018,0.89
10/6/2010,2047922,1724886,3772808,0.84
10/7/2010,1879627,2017594,3897221,1.07
10/8/2010,2124792,1816684,3941476,0.85
10/11/2010,1997388,1653567,3650955,0.83
10/12/2010,2017865,2324891,4342756,1.15
10/13/2010,3558177,2598755,6156932,0.73
10/14/2010,3152042,2599831,5751873,0.82
10/15/2010,3468632,2470401,5939033,0.71
10/18/2010,2200741,1873114,4073855,0.85
10/19/2010,2304450,2114989,4419439,0.92
10/20/2010,2110553,2163990,4274543,1.03
10/21/2010,1994771,1914617,3909388,0.96
10/22/2010,1651276,1436052,3087328,0.87
10/25/2010,1862293,1701699,3563992,0.91
10/26/2010,1848014,1685461,3533475,0.91
10/27/2010,1932185,1660927,3593112,0.86
10/28/2010,1957624,1707768,3665392,0.87
10/29/2010,1891065,1700443,3591508,0.9
11/1/2010,1848293,1608208,3456501,0.87
11/2/2010,1913598,1527005,3440603,0.8
11/3/2010,2262972,2044208,4307180,0.9
11/4/2010,3906182,2930272,6836454,0.75
11/5/2010,3235269,2220996,5456265,0.69
11/8/2010,2076340,1457906,3534246,0.7
11/9/2010,2524849,2122268,4647117,0.84
11/10/2010,2278298,1614747,3893045,0.71
11/11/2010,2147015,1648395,3795410,0.77
11/12/2010,2452730,2529668,4982398,1.03
11/15/2010,2065517,1637513,3703030,0.79
11/16/2010,2943559,2811749,5755308,0.96
11/17/2010,2336287,2130638,4466925,0.91
11/18/2010,2697546,2240532,4938078,0.83
11/19/2010,3039039,2016891,5055930,0.66
11/22/2010,2051901,1626692,3678593,0.79
11/23/2010,1830615,1730886,3561501,0.95
11/24/2010,1628020,1718240,3346260,1.06
11/26/2010,851755,725746,1577501,0.85
11/29/2010,1587769,1558926,3146695,0.98
11/30/2010,1797909,1605252,3403161,0.89
12/1/2010,2152195,1734434,3886629,0.81
12/2/2010,2534342,1784613,4318955,0.7
12/3/2010,2034740,1598200,3632940,0.79
12/6/2010,1991816,1439165,3430981,0.72
12/7/2010,2739878,2071754,4811632,0.76
12/8/2010,2098503,1555205,3653708,0.74
12/9/2010,2429054,1721955,4151009,0.71
12/10/2010,2391668,1827549,4219217,0.76
12/13/2010,2531827,1644586,4176413,0.65
12/14/2010,2389644,2157487,4547131,0.9
12/15/2010,2403920,1629178,4033098,0.68
12/16/2010,2741808,2377516,5119324,0.87
12/17/2010,2646829,2055855,4702684,0.78
12/20/2010,2189775,1645664,3835439,0.75
12/21/2010,1873646,1376377,3250023,0.73
12/22/2010,1916180,1594897,3511077,0.83
12/23/2010,1345645,1165160,2510805,0.87
12/27/2010,1049818,816754,1866572,0.78
12/28/2010,1227007,965522,2192529,0.79
12/29/2010,1199001,938122,2137123,0.78
12/30/2010,1465976,1050298,2516274,0.72
12/31/2010,1061368,1049435,2110803,0.99
1/3/2011,2801913,1822241,4624154,0.65
1/4/2011,2574652,1666234,4240886,0.65
1/5/2011,2581102,1820416,4401518,0.71
1/6/2011,2717724,2027237,4744961,0.75
1/7/2011,2527801,2295893,4823694,0.91
1/10/2011,2037140,1598426,3635566,0.78
1/11/2011,2241622,1882900,4124522,0.84
1/12/2011,2722671,2238900,4961571,0.82
1/13/2011,2742631,1981255,4723886,0.72
1/14/2011,3585423,2059596,5645019,0.57
1/18/2011,3122404,2291935,5414339,0.73
1/19/2011,3488276,2912894,6401170,0.84
1/20/2011,3088082,2887250,5975332,0.93
1/21/2011,3222456,2559096,5781552,0.79
1/24/2011,2262072,1710994,3973066,0.76
1/25/2011,2189480,2089231,4278711,0.95
1/26/2011,2252359,2068449,4320808,0.92
1/27/2011,2141411,2202811,4344222,1.03
1/28/2011,2725689,2945154,5670843,1.08
1/31/2011,1939551,1956941,3896492,1.01
2/1/2011,2853631,2279094,5132725,0.8
2/2/2011,2134575,1591993,3726568,0.75
2/3/2011,2181648,1890927,4072575,0.87
2/4/2011,2227249,1931971,4159220,0.87
2/7/2011,2405125,1971106,4376231,0.82
2/8/2011,2041400,1712521,3753921,0.84
2/9/2011,2325821,2030903,4356724,0.87
2/10/2011,2525861,1953722,4479583,0.77
2/11/2011,2593987,2134789,4728776,0.82
2/14/2011,2228074,1947258,4175332,0.87
2/15/2011,2290920,1930225,4221145,0.84
2/16/2011,2855243,2600722,5455965,0.91
2/17/2011,2904141,2096072,5000213,0.72
2/18/2011,2921166,2686283,5607449,0.92
2/22/2011,2754909,2700903,5455812,0.98
2/23/2011,3146720,3020453,6167173,0.96
2/24/2011,2387638,2351848,4739486,0.99
2/25/2011,2112832,1747934,3860766,0.83
2/28/2011,1874495,1571248,3445743,0.84
3/1/2011,2080839,1933138,4013977,0.93
3/2/2011,2096999,1656323,3753322,0.79
3/3/2011,2153360,1862820,4016180,0.87
3/4/2011,2528585,1996064,4524649,0.79
3/7/2011,2163110,1937293,4100403,0.9
3/8/2011,2104976,1874717,3979693,0.89
3/9/2011,1929528,1650946,3580474,0.86
3/10/2011,2781678,2934192,5715870,1.05
3/11/2011,2079888,2224424,4304312,1.07
3/14/2011,2280036,2166949,4446985,0.95
3/15/2011,3656285,3899911,7556196,1.07
3/16/2011,3589906,4244627,7834533,1.18
3/17/2011,2703776,2909753,5613529,1.08
3/18/2011,2783876,2831284,5615160,1.02
3/21/2011,2545596,1934840,4480436,0.76
3/22/2011,2109697,1609090,3718787,0.76
3/23/2011,1961671,1679055,3640726,0.86
3/24/2011,2189175,1947477,4136652,0.89
3/25/2011,2426622,2041924,4468546,0.84
3/28/2011,1586809,1303917,2890726,0.82
3/29/2011,1650263,1244787,2895050,0.75
3/30/2011,2198019,1656335,3854354,0.75
3/31/2011,1801043,1575665,3376708,0.87
4/1/2011,2246991,2007947,4254938,0.89
4/4/2011,1584941,1678166,3263107,1.06
4/5/2011,1960736,1603336,3564072,0.82
4/6/2011,2080001,1475577,3555578,0.71
4/7/2011,2005267,1789026,3794293,0.89
4/8/2011,2287857,1985676,4273533,0.87
4/11/2011,1853021,1764444,3617465,0.95
4/12/2011,2411010,2733069,5144079,1.13
4/13/2011,2276390,1911430,4187820,0.84
4/14/2011,2448441,2366895,4815336,0.97
4/15/2011,2688667,2495431,5184098,0.93
4/18/2011,2292100,1980996,4273096,0.86
4/19/2011,2000740,1802683,3803423,0.9
4/20/2011,2620936,2551526,5172462,0.97
4/21/2011,2201928,2047508,4249436,0.93
4/25/2011,1518616,1131220,2649836,0.74
4/26/2011,2052163,1789146,3841309,0.87
4/27/2011,2105698,1840633,3946331,0.87
4/28/2011,2406400,1994159,4400559,0.83
4/29/2011,2133253,1983002,4116255,0.93
5/2/2011,1969505,1692369,3661874,0.86
5/3/2011,2315969,2088832,4404801,0.9
5/4/2011,2214186,2241660,4455846,1.01
5/5/2011,2450104,2592329,5042433,1.06
5/6/2011,2198335,2147123,4345458,0.98
5/9/2011,1557380,1224579,2781959,0.79
5/10/2011,1783223,1422609,3205832,0.8
5/11/2011,1992480,1904753,3897233,0.96
5/12/2011,2203032,1841816,4044848,0.84
5/13/2011,1903524,1781028,3684552,0.94
5/16/2011,2003934,1913137,3917071,0.95
5/17/2011,2252756,2582358,4835114,1.15
5/18/2011,2209697,2120235,4329932,0.96
5/19/2011,2234729,2165267,4399996,0.97
5/20/2011,2312419,2399975,4712394,1.04
5/23/2011,1835779,1948650,3784429,1.06
5/24/2011,1718919,1388926,3107845,0.81
5/25/2011,1842431,1341997,3184428,0.73
5/26/2011,1623751,1492991,3116742,0.92
5/27/2011,1899609,1331612,3231221,0.7
5/31/2011,1902577,1476252,3378829,0.78
6/1/2011,1917134,2198633,4115767,1.15
6/2/2011,1817154,1938908,3756062,1.07
6/3/2011,1723847,2134362,3858209,1.24
6/6/2011,1933776,2153729,4087505,1.11
6/7/2011,1713163,1844711,3557874,1.08
6/8/2011,2056602,2442805,4499407,1.19
06/09/2011, 1660538, 1752378, 3412916, 1.06
06/10/2011, 2126341, 2510817, 4637158, 1.18
06/13/2011, 1939930, 2077396, 4017326, 1.07
06/14/2011, 2087533, 2147675, 4235208, 1.03
06/15/2011, 2483350, 3371107, 5854457, 1.36
06/16/2011, 2920730, 3277517, 6198247, 1.12
06/17/2011, 2400630, 2857271, 5257901, 1.19
06/20/2011, 1822065, 1602678, 3424743, 0.88
06/21/2011, 2162025, 2047509, 4209534, 0.95
06/22/2011, 1776527, 1500299, 3276826, 0.84
06/23/2011, 2311619, 2392355, 4703974, 1.03
06/24/2011, 1522902, 1628693, 3151595, 1.07
06/27/2011, 1799457, 1518878, 3318335, 0.84
06/28/2011, 1883897, 1717911, 3601808, 0.91
06/29/2011, 1943002, 1973414, 3916416, 1.02
06/30/2011, 2342794, 2159219, 4502013, 0.92
07/01/2011, 2444589, 2125808, 4570397, 0.87
07/05/2011, 1625231, 1818491, 3443722, 1.12
07/06/2011, 1517619, 1565470, 3083089, 1.03
07/07/2011, 2563383, 2173087, 4736470, 0.85
07/08/2011, 1765929, 1797315, 3563244, 1.02
07/11/2011, 2015316, 2358559, 4373875, 1.17
07/12/2011, 1985804, 2185181, 4170985, 1.10
07/13/2011, 1972603, 1977182, 3949785, 1.00
07/14/2011, 2487681, 2673819, 5161500, 1.07
07/15/2011, 2541822, 2731102, 5272924, 1.07
07/18/2011, 2199529, 2106273, 4305802, 0.96
07/19/2011, 2669142, 1795078, 4464220, 0.67
07/20/2011, 2176548, 1727213, 3903761, 0.79
07/21/2011, 2741999, 2076907, 4818906, 0.76
07/22/2011, 1914004, 1598236, 3512240, 0.84
07/25/2011, 1523701, 1418754, 2942455, 0.93
07/26/2011, 1775965, 1417908, 3193873, 0.80
07/27/2011, 2445841, 2745460, 5191301, 1.12
07/28/2011, 2122468, 1965489, 4087957, 0.93
07/29/2011, 2384805, 2853291, 5238096, 1.20
08/01/2011, 2092299, 2402214, 4494513, 1.15
08/02/2011, 2657928, 3086235, 5744163, 1.16
08/03/2011, 2782651, 3644296, 6426947, 1.31
08/04/2011, 4180569, 5450790, 9631359, 1.30
08/05/2011, 4787776, 5821853, 10609629, 1.22
08/08/2011, 4542691, 6155437, 10698128, 1.36
08/09/2011, 3853292, 5518074, 9371366, 1.43
08/10/2011, 3285716, 4014332, 7300048, 1.22
08/11/2011, 3400353, 3509815, 6910168, 1.03
08/12/2011, 2403131, 2627806, 5030937, 1.09
08/15/2011, 2282275, 2587177, 4869452, 1.13
08/16/2011, 2323043, 2419470, 4742513, 1.04
08/17/2011, 2235021, 3052874, 5287895, 1.37
08/18/2011, 3204581, 4765614, 7970195, 1.49
08/19/2011, 2684591, 3577118, 6261709, 1.33
08/22/2011, 2002646, 2199516, 4202162, 1.10
08/23/2011, 2314252, 2418232, 4732484, 1.04
08/24/2011, 1863366, 2263784, 4127150, 1.21
08/25/2011, 2000888, 2579323, 4580211, 1.29
08/26/2011, 2208648, 2604443, 4813091, 1.18
08/29/2011, 1982328, 1965360, 3947688, 0.99
08/30/2011, 1754831, 2003191, 3758022, 1.14
08/31/2011, 2170526, 2640969, 4811495, 1.22
09/01/2011, 1768286, 1909406, 3677692, 1.08
09/02/2011, 1770206, 2545483, 4315689, 1.44
09/06/2011, 2043620, 2603173, 4646793, 1.27
09/07/2011, 2163460, 1932986, 4096446, 0.89
09/08/2011, 1749873, 1996114, 3745987, 1.14
09/09/2011, 2532093, 3381262, 5913355, 1.34
09/12/2011, 2131683, 2661293, 4792976, 1.25
09/13/2011, 2005262, 2379767, 4385029, 1.19
09/14/2011, 2535952, 2668679, 5204631, 1.05
09/15/2011, 2651214, 2694965, 5346179, 1.02
09/16/2011, 2856108, 2914168, 5770276, 1.02
09/19/2011, 1883031, 1871524, 3754555, 0.99
09/20/2011, 1905375, 2151998, 4057373, 1.13
09/21/2011, 2147392, 2780083, 4927475, 1.29
09/22/2011, 3205634, 4086363, 7291997, 1.27
09/23/2011, 2255132, 2590693, 4845825, 1.15
09/26/2011, 1755368, 1805124, 3560492, 1.03
09/27/2011, 1996447, 2252312, 4248759, 1.13
09/28/2011, 1338634, 1957240, 3295874, 1.46
09/29/2011, 1684938, 1998683, 3683621, 1.19
09/30/2011, 1979931, 2484200, 4464131, 1.25
10/03/2011, 2239064, 2875016, 5114080, 1.28
10/04/2011, 3024852, 3632820, 6657672, 1.20
10/05/2011, 2196657, 2409580, 4606237, 1.10
10/06/2011, 2024212, 2559724, 4583936, 1.26
10/07/2011, 1901107, 2199853, 4100960, 1.16
10/10/2011, 1671707, 2023476, 3695183, 1.21
10/11/2011, 1519841, 2147589, 3667430, 1.41
10/12/2011, 2289558, 2965098, 5254656, 1.30
10/13/2011, 1689376, 1773163, 3462539, 1.05
10/14/2011, 2155180, 2134340, 4289520, 0.99
10/17/2011, 1778856, 2090800, 3869656, 1.18
10/18/2011, 2279292, 2330461, 4609753, 1.02
10/19/2011, 2229775, 2498633, 4728408, 1.12
10/20/2011, 2275459, 3142169, 5417628, 1.38
10/21/2011, 2857557, 2470565, 5328122, 0.86
10/24/2011, 2257675, 2160750, 4418425, 0.96
10/25/2011, 1804466, 1875938, 3680404, 1.04
10/26/2011, 1700502, 1720723, 3421225, 1.01
10/27/2011, 3707112, 3381616, 7088728, 0.91
10/28/2011, 1991020, 1997493, 3988513, 1.00
10/31/2011, 1416362, 1813825, 3230187, 1.28
11/01/2011, 2443148, 3307606, 5750754, 1.35
11/02/2011, 1534235, 1798368, 3332603, 1.17
11/03/2011, 1883669, 2014881, 3898550, 1.07
11/04/2011, 1522998, 1718059, 3241057, 1.13
11/07/2011, 1364561, 1376150, 2740711, 1.01
11/08/2011, 1762500, 2169200, 3931700, 1.23
11/09/2011, 2187845, 2931456, 5119301, 1.34
11/10/2011, 1603362, 1860616, 3463978, 1.16
11/11/2011, 1841123, 1704746, 3545869, 0.93
11/14/2011, 1491761, 1689841, 3181602, 1.13
11/15/2011, 1791648, 1969190, 3760838, 1.10
11/16/2011, 1840106, 2554631, 4394737, 1.39
11/17/2011, 2554615, 3315975, 5870590, 1.30
11/18/2011, 2450092, 2188604, 4638696, 0.89
11/21/2011, 1855433, 2010115, 3865548, 1.08
11/22/2011, 1572807, 1656200, 3229007, 1.05
11/23/2011, 1801401, 2318935, 4120336, 1.29
11/25/2011, 796133, 1049315, 1845448, 1.32
11/28/2011, 1598160, 1423630, 3021790, 0.89
11/29/2011, 1452289, 1414742, 2867031, 0.97
11/30/2011, 2558320, 2319316, 4877636, 0.91
12/01/2011, 1840725, 1726466, 3567191, 0.94
12/02/2011, 1972036, 1942410, 3914446, 0.98
12/05/2011, 1660837, 1616490, 3277327, 0.97
12/06/2011, 1626819, 1384760, 3011579, 0.85
12/07/2011, 1709943, 1528965, 3238908, 0.89
12/08/2011, 1741625, 1680176, 3421801, 0.96
12/09/2011, 1802211, 2161561, 3963772, 1.20
12/12/2011, 1870401, 1670680, 3541081, 0.89
12/13/2011, 1903798, 2222358, 4126156, 1.17
12/14/2011, 2176615, 2388257, 4564872, 1.10
12/15/2011, 1658810, 2093751, 3752561, 1.26
12/16/2011, 2053674, 2361622, 4415296, 1.15
12/19/2011, 1686229, 1463254, 3149483, 0.87
12/20/2011, 1816641, 1468686, 3285327, 0.81
12/21/2011, 1515913, 1624231, 3140144, 1.07
12/22/2011, 1452881, 1438690, 2891571, 0.99
12/23/2011, 1024473, 886451, 1910924, 0.87
12/27/2011, 834980, 842560, 1677540, 1.01
12/28/2011, 1015492, 965142, 1980634, 0.95
12/29/2011, 997060, 1091885, 2088945, 1.10
12/30/2011, 1022950, 889144, 1912094, 0.87
01/03/2012, 1874367, 1431805, 3306172, 0.76
01/04/2012, 1494769, 1428598, 2923367, 0.96
01/05/2012, 1798589, 1491525, 3290114, 0.83
01/06/2012, 1875108, 1806529, 3681637, 0.96
01/09/2012, 1616856, 1499932, 3116788, 0.93
01/10/2012, 2333639, 1891224, 4224863, 0.81
01/11/2012, 1929788, 1527072, 3456860, 0.79
01/12/2012, 2214064, 1873747, 4087811, 0.85
01/13/2012, 2626973, 1930872, 4557845, 0.74
01/17/2012, 2333896, 1958927, 4292823, 0.84
01/18/2012, 3036645, 2514432, 5551077, 0.83
01/19/2012, 3779317, 2634475, 6413792, 0.70
01/20/2012, 3280153, 2612320, 5892473, 0.80
01/23/2012, 2123671, 2337264, 4460935, 1.10
01/24/2012, 1783776, 1877593, 3661369, 1.05
01/25/2012, 2587283, 1997355, 4584638, 0.77
01/26/2012, 2336729, 2283885, 4620614, 0.98
01/27/2012, 1979731, 1735619, 3715350, 0.88
01/30/2012, 1639960, 1505267, 3145227, 0.92
01/31/2012, 1877025, 1647578, 3524603, 0.88
02/01/2012, 2451316, 2043577, 4494893, 0.83
02/02/2012, 1952404, 1720989, 3673393, 0.88
02/03/2012, 3414004, 2631501, 6045505, 0.77
02/06/2012, 1728336, 1457707, 3186043, 0.84
02/07/2012, 2628890, 1891518, 4520408, 0.72
02/08/2012, 2567159, 2118731, 4685890, 0.83
02/09/2012, 2558559, 2229309, 4787868, 0.87
02/10/2012, 2699501, 2978192, 5677693, 1.10
02/13/2012, 2157547, 1903335, 4060882, 0.88
02/14/2012, 2390045, 2349942, 4739987, 0.98
02/15/2012, 2894531, 3178103, 6072634, 1.10
02/16/2012, 3102679, 2719364, 5822043, 0.88
02/17/2012, 3107742, 2338930, 5446672, 0.75
02/21/2012, 2495025, 2157541, 4652566, 0.86
02/22/2012, 2131033, 1905960, 4036993, 0.89
02/23/2012, 2193236, 2155883, 4349119, 0.98
02/24/2012, 2211114, 2409084, 4620198, 1.09
02/27/2012, 1898346, 1708597, 3606943, 0.90
02/28/2012, 2072768, 1620768, 3693536, 0.78
02/29/2012, 2190113, 2319143, 4509256, 1.06
03/01/2012, 2089249, 2115812, 4205061, 1.01
03/02/2012, 1917552, 1822353, 3739905, 0.95
03/05/2012, 1724124, 1609302, 3333426, 0.93
03/06/2012, 2460885, 2592755, 5053640, 1.05
03/07/2012, 1814572, 1790994, 3605566, 0.99
03/08/2012, 2090100, 1965881, 4055981, 0.94
03/09/2012, 2280210, 2050978, 4331188, 0.90
03/12/2012, 1582879, 1736939, 3319818, 1.10
03/13/2012, 2865550, 2459645, 5325195, 0.86
03/14/2012, 3203073, 2642365, 5845438, 0.82
03/15/2012, 3311109, 2325787, 5636896, 0.70
03/16/2012, 3220813, 2516577, 5737390, 0.78
03/19/2012, 2932985, 2504077, 5437062, 0.85
03/20/2012, 2185639, 1887195, 4072834, 0.86
03/21/2012, 2510685, 2453639, 4964324, 0.98
03/22/2012, 1955547, 2172902, 4128449, 1.11
03/23/2012, 1795585, 1890538, 3686123, 1.05
03/26/2012, 2119564, 2251082, 4370646, 1.06
03/27/2012, 2098344, 2066811, 4165155, 0.98
03/28/2012, 2098921, 2149839, 4248760, 1.02
03/29/2012, 2041598, 2133151, 4174749, 1.04
03/30/2012, 1915484, 1851671, 3767155, 0.97
04/02/2012, 1971008, 1648073, 3619081, 0.84
04/03/2012, 1921607, 1839240, 3760847, 0.96
04/04/2012, 1985910, 1962443, 3948353, 0.99
04/05/2012, 1973576, 1869993, 3843569, 0.95
04/09/2012, 1687028, 1720904, 3407932, 1.02
04/10/2012, 3068933, 3053509, 6122442, 0.99
04/11/2012, 2006452, 2192249, 4198701, 1.09
04/12/2012, 2538783, 2195101, 4733884, 0.86
04/13/2012, 2180337, 2096281, 4276618, 0.96
04/16/2012, 1940763, 1960474, 3901237, 1.01
04/17/2012, 2335602, 2010854, 4346456, 0.86
04/18/2012, 2082693, 2063492, 4146185, 0.99
04/19/2012, 2654960, 2651863, 5306823, 1.00
04/20/2012, 2859870, 2519212, 5379082, 0.88
04/23/2012, 2064599, 1691312, 3755911, 0.82
04/24/2012, 1824268, 1654418, 3478686, 0.91
04/25/2012, 2406953, 1814112, 4221065, 0.75
04/26/2012, 2252564, 1872255, 4124819, 0.83
04/27/2012, 2004910, 1697699, 3702609, 0.85
04/30/2012, 1647697, 1351505, 2999202, 0.82
05/01/2012, 2059082, 1863902, 3922984, 0.91
05/02/2012, 1860521, 1860944, 3721465, 1.00
05/03/2012, 2124775, 2020305, 4145080, 0.95
05/04/2012, 2433071, 2592003, 5025074, 1.07
05/07/2012, 1772509, 1596448, 3368957, 0.90
05/08/2012, 2337055, 2649698, 4986753, 1.13
05/09/2012, 2513057, 2513558, 5026615, 1.00
05/10/2012, 1938617, 2103417, 4042034, 1.09
05/11/2012, 2014614, 2507868, 4522482, 1.24
05/14/2012, 2078926, 2633405, 4712331, 1.27
05/15/2012, 2420223, 2833574, 5253797, 1.17
05/16/2012, 2765168, 3428381, 6193549, 1.24
05/17/2012, 2913089, 4233283, 7146372, 1.45
05/18/2012, 3010987, 4048365, 7059352, 1.34
05/21/2012, 2279165, 2104215, 4383380, 0.92
05/22/2012, 2277720, 2298139, 4575859, 1.01
05/23/2012, 2336793, 2282434, 4619227, 0.98
05/24/2012, 2207222, 2134027, 4341249, 0.97
05/25/2012, 1472015, 1636172, 3108187, 1.11
05/29/2012, 1812120, 1751666, 3563786, 0.97
05/30/2012, 1612830, 2005621, 3618451, 1.24
05/31/2012, 1996176, 2146075, 4142251, 1.08
06/01/2012, 2667820, 3664311, 6332131, 1.37
06/04/2012, 2169823, 2121698, 4291521, 0.98
06/05/2012, 1835444, 1871703, 3707147, 1.02
06/06/2012, 2334256, 2742290, 5076546, 1.17
06/07/2012, 2502145, 2458350, 4960495, 0.98
